MTI,VALOR (4),DATAHORA (12),POINT OF SERVICE DATA CODE (22),FUNCTION CODE (24),MESSAGE REASON CODE (25),APPROVAL CODE (38),CARD ACCEPTOR TERMINAL IDENTIFICATION (41),CARD ACCEPTOR IDENTIFICATION CODE (42),INTERCHANGE RATE DESIGNATOR
1240,000000003500,20/09/23 02:27:54,M90101C11001,200,1401,886040,BW0BDA44,000201000000019,IA
1240,000000017000,20/09/23 09:50:04,M90101C11001,200,1401,955063,01012143,000201000000138,IA
1240,000000062000,20/09/23 09:53:42,M90101C11001,200,1401,534469,01012143,000201000000138,IA
1240,000000001100,20/09/23 08:51:06,M10101M00001,200,1401,419295,01010275,000201000000612,JA
1240,000000020200,20/09/23 10:39:54,M90101C11001,200,1401,884089,01010275,000201000000612,IA
1240,000000006000,20/09/23 09:46:14,M10101M00001,200,1401,661649,01020016,000201000000843,JA
1240,000000019710,20/09/23 02:13:41,M10101C13001,200,1401,091191,01020016,000201000000843,IA
1240,000000000650,20/09/23 10:39:46,M90101C11001,200,1401,026235,BW05584E,000201000001068,IA
1240,000000008000,20/09/23 12:17:41,M10101C13001,200,1401,R89168,01013168,000201000001509,IA
1240,000000007012,20/09/23 12:19:48,M10101C13001,200,1401,R04106,01013168,000201000001509,IA
1240,000000001000,20/09/23 12:20:43,M90101C11001,200,1401,092425,01013168,000201000001509,IA
1240,000000004000,20/09/23 12:33:50,M90101C11001,200,1401,003063,01013168,000201000001509,IA
1240,000000010000,20/09/23 12:37:58,M10101C13001,200,1401,R77932,01013168,000201000001509,IA
1240,000000023062,20/09/23 12:31:08,M90101C11001,200,1401,014885,01013168,000201000001509,IA
1240,000000003000,20/09/23 12:44:10,M90101C11001,200,1401,724905,01013168,000201000001509,IA
1240,000000006000,20/09/23 12:50:24,M90101C11001,200,1401,054754,01013168,000201000001509,IA
1240,000000003000,20/09/23 01:19:01,M90101C11001,200,1401,099213,01013168,000201000001509,IA
1240,000000003000,20/09/23 02:02:32,M90101C11001,200,1401,036737,01013168,000201000001509,IA
1240,000000003500,20/09/23 01:46:33,M90101C11001,200,1401,060994,01013168,000201000001509,IA
1240,000000001000,20/09/23 01:50:59,M90101C11001,200,1401,349949,01013168,000201000001509,IA
1240,000000004000,20/09/23 02:07:46,M90101C11001,200,1401,251508,01013168,000201000001509,IA
1240,000000003000,20/09/23 07:14:05,M10101C13001,200,1401,145884,01013072,000201000001565,IA
1240,000000001000,20/09/23 07:18:42,M90101C11001,200,1401,007632,01013072,000201000001565,IA
1240,000000006000,20/09/23 10:56:02,M10101C13001,200,1401,086946,01013072,000201000001565,IA
1240,000000002000,20/09/23 02:05:40,M90101C11001,200,1401,440091,01013072,000201000001565,IA
1240,000000002000,20/09/23 02:11:04,M90101C11001,200,1401,460469,01024423,000201000001621,IA
1240,000000001702,20/09/23 06:00:30,M10101M00001,200,1401,010303,01009811,000201000001891,JA
1240,000000057080,20/09/23 09:25:16,M90101C11001,200,1401,251889,01023301,000201000002001,IA
1240,000000015000,20/09/23 09:51:16,M90101C11001,200,1401,511767,01023301,000201000002001,IA
1240,000000018164,20/09/23 09:26:15,M90101C11001,200,1401,261689,01023301,000201000002001,IA
1240,000000001605,20/09/23 12:27:45,M10101M00001,200,1401,086318,01010141,000201000002452,JA
1240,000000005000,20/09/23 12:14:54,M10101M00001,200,1401,5RV4CZ,01010141,000201000002452,JA
1240,000000005000,20/09/23 01:07:47,M90101C11001,200,1401,831333,01010141,000201000002452,IA
1240,000000001550,20/09/23 06:34:48,M10101M00001,200,1401,145631,01009220,000201000002677,JA
1240,000000020000,20/09/23 08:51:15,M90101C11001,200,1401,511680,01009220,000201000002677,IA
1240,000000010000,20/09/23 07:59:52,M10101C13001,200,1401,003852,01015631,000201000002696,IA
1240,000000005000,20/09/23 11:00:21,M10101C13001,200,1401,030393,01015369,000201000002696,IA
1240,000000000700,20/09/23 02:22:52,M10101M00001,200,1401,537202,01015631,000201000002696,JA
1240,000000021997,20/09/23 06:38:58,M90101C11001,200,1401,017948,01010965,000201000003331,IA
1240,000000013700,20/09/23 06:52:49,M90101C11001,200,1401,393325,01010965,000201000003331,IA
1240,000000011400,20/09/23 08:03:51,M10101M00001,200,1401,456705,01010965,000201000003331,JA
1240,000000018728,20/09/23 08:33:55,M90101C11001,200,1401,151323,01010965,000201000003331,IA
1240,000000005000,20/09/23 10:59:09,M90101C11001,200,1401,030892,01010965,000201000003331,IA
1240,000000015000,20/09/23 02:30:23,M90101C11001,200,1401,302565,01023299,000201000003361,IA
1240,000000004047,20/09/23 09:44:04,M10101M00001,200,1401,045876,01024847,000201000003637,JA
1240,000000000549,20/09/23 10:03:45,M90101C11001,200,1401,005624,01024847,000201000003637,IA
1240,000000002199,20/09/23 11:01:46,M90101C11001,200,1401,033493,01024847,000201000003637,IA
1240,000000002731,20/09/23 11:41:58,M10101M00001,200,1401,138841,01024847,000201000003637,JA
1240,000000003646,20/09/23 12:51:00,M10101M00001,200,1401,064606,01024847,000201000003637,JA
1240,000000084787,20/09/23 07:14:47,M10101C13001,200,1401,409033,01013062,000201000004417,IA
1240,000000086365,20/09/23 07:16:44,M10101C13001,200,1401,410732,01013062,000201000004417,IA
1240,000000020000,20/09/23 07:29:19,M10101M00001,200,1401,784134,01013062,000201000004417,JA
1240,000000015286,20/09/23 08:42:27,M10101M00001,200,1401,489893,01013062,000201000004417,JA
1240,000000012801,20/09/23 09:51:06,M10101M00001,200,1401,118431,01013062,000201000004417,JA
1240,000000010000,20/09/23 12:20:45,M90101C11001,200,1401,204674,01013062,000201000004417,IA
1240,000000010000,20/09/23 11:50:29,M10101M00001,200,1401,822763,01013062,000201000004417,JA
1240,000000012800,20/09/23 12:30:44,M10101M00001,200,1401,017292,01013062,000201000004417,JA
1240,000000001500,20/09/23 10:51:23,M10101M00001,200,1401,YEOGKU,01020968,000201000005284,JA
1240,000000005000,20/09/23 09:46:30,M10101C13001,200,1401,468191,01022987,000201000005580,IA
1240,000000005000,20/09/23 12:17:33,M10101C13001,200,1401,483318,01022987,000201000005580,IA
1240,000000004000,20/09/23 06:23:58,M10101M00001,200,1401,782550,01012131,000201000005803,JA
1240,000000003000,20/09/23 07:02:52,M10101M00001,200,1401,968162,01012131,000201000005803,JA
1240,000000010000,20/09/23 09:12:33,M10101C13001,200,1401,603472,01013696,000201000005803,IA
1240,000000016605,20/09/23 10:36:22,M90101C11001,200,1401,018553,01013696,000201000005803,IA
1240,000000005000,20/09/23 10:58:45,M90101C11001,200,1401,407820,01013696,000201000005803,IA
1240,000000002000,20/09/23 01:13:48,M10101M00001,200,1401,824117,01012131,000201000005803,JA
1240,000000005000,20/09/23 12:58:46,M10101M00001,200,1401,464164,01012131,000201000005803,JA
1240,000000010000,20/09/23 02:08:57,M10101M00001,200,1401,514422,01012131,000201000005803,JA
1240,000000001000,20/09/23 09:04:28,M10101C13001,200,1401,748841,01012697,000201000006476,IA
1240,000000010050,20/09/23 02:00:58,M10101M00001,200,1401,510436,BW17C0E9,000201000006585,JA
1240,000000001000,20/09/23 11:45:35,M10101M00001,200,1401,313203,01025170,000201000006707,JA
1240,000000003000,20/09/23 09:41:22,M10101C13001,200,1401,061751,46395900,000201000007099,IA
1240,000000005000,20/09/23 11:25:43,M10101C13001,200,1401,638144,46395900,000201000007099,IA
1240,000000003000,20/09/23 11:07:05,M10101M00001,200,1401,R03504,46395900,000201000007099,JA
1240,000000020727,20/09/23 01:40:09,M90101C11001,200,1401,401151,46395900,000201000007099,IA
1240,000000002000,20/09/23 02:18:55,M10101C13001,200,1401,687111,46395900,000201000007099,IA
1240,000000005000,20/09/23 02:19:50,M90101C11001,200,1401,497715,46395900,000201000007099,IA
1240,000000005000,20/09/23 02:33:23,M10101M00001,200,1401,375054,01022714,000201000007100,JA
1240,000000000550,20/09/23 07:35:50,M90101C11001,200,1401,077904,01014181,000201000007112,IA
1240,000000000375,20/09/23 08:28:13,M10101M00001,200,1401,931084,01010813,000201000007112,JA
1240,000000001200,20/09/23 07:48:12,M10101M00001,200,1401,481363,01010813,000201000007112,JA
1240,000000000625,20/09/23 07:49:42,M10101M00001,200,1401,494461,01010813,000201000007112,JA
1240,000000000375,20/09/23 07:54:14,M10101C13001,200,1401,043590,01010813,000201000007112,IA
1240,000000000375,20/09/23 07:55:23,M10101C13001,200,1401,022459,01010813,000201000007112,IA
1240,000000000750,20/09/23 07:59:11,M90101C11001,200,1401,022230,01014181,000201000007112,IA
1240,000000000150,20/09/23 07:22:43,M10101M00001,200,1401,492305,01010813,000201000007112,JA
1240,000000000550,20/09/23 08:45:40,M10101M00001,200,1401,574738,01010813,000201000007112,JA
1240,000000000600,20/09/23 08:46:31,M10101M00001,200,1401,047356,01010813,000201000007112,JA
1240,000000000375,20/09/23 09:28:02,M10101M00001,200,1401,280353,01014181,000201000007112,JA
1240,000000001250,20/09/23 09:14:30,M10101M00001,200,1401,643337,01010813,000201000007112,JA
1240,000000000500,20/09/23 10:28:07,M10101M00001,200,1401,043288,01010813,000201000007112,JA
1240,000000001700,20/09/23 01:11:58,M10101M00001,200,1401,596444,01010813,000201000007112,JA
1240,000000001100,20/09/23 01:37:12,M90101C11001,200,1401,044072,01010813,000201000007112,IA
1240,000000001050,20/09/23 02:08:36,M10101M00001,200,1401,291358,01010813,000201000007112,JA
1240,000000000700,20/09/23 02:30:19,M10101M00001,200,1401,015966,01010813,000201000007112,JA
1240,000000033600,20/09/23 07:51:32,M10101M00001,200,1401,326614,01010309,000201000007205,JA
1240,000000000500,20/09/23 08:26:13,M10101M00001,200,1401,R09004,01012610,000201000007335,JA
1240,000000000600,20/09/23 07:16:18,M10101M00001,200,1401,195855,01012610,000201000007335,JA
1240,000000000600,20/09/23 09:05:54,M10101M00001,200,1401,048924,01012610,000201000007335,JA
1240,000000000650,20/09/23 09:16:23,M10101M00001,200,1401,303208,01012610,000201000007335,JA
1240,000000001000,20/09/23 10:23:18,M10101M00001,200,1401,541137,01012610,000201000007335,JA
1240,000000000850,20/09/23 10:15:10,M10101M00001,200,1401,449379,01012610,000201000007335,JA
1240,000000000850,20/09/23 11:39:35,M10101M00001,200,1401,139731,01012610,000201000007335,JA
1240,000000000400,20/09/23 12:39:32,M10101M00001,200,1401,032452,01012610,000201000007335,JA
1240,000000011602,20/09/23 08:59:51,M90101C11001,200,1401,079757,BW22779B,000201000007443,IA
1240,000000007000,20/09/23 09:55:27,M10101M00001,200,1401,634239,BW22779B,000201000007443,JA
1240,000000015000,20/09/23 01:02:48,M10101M00001,200,1401,229106,BW22779B,000201000007443,JA
1240,000000000950,20/09/23 06:47:04,M10101M00001,200,1401,879688,01010274,000201000007900,JA
1240,000000004500,20/09/23 08:43:46,M90101C11001,200,1401,999354,BW24FC63,000201000008040,IA
1240,000000005000,20/09/23 11:24:44,M90101C11001,200,1401,244670,BW24FC63,000201000008040,IA
1240,000000001794,20/09/23 08:31:44,M90101C11001,200,1401,072498,01022828,000201000008122,IA
1240,000000001200,20/09/23 08:40:59,M90101C11001,200,1401,534994,01023066,000201000008122,IA
1240,000000002000,20/09/23 08:46:36,M90101C11001,200,1401,030215,01023215,000201000008122,IA
1240,000000002300,20/09/23 09:32:18,M10101M00001,200,1401,062416,01022542,000201000008122,JA
1240,000000001200,20/09/23 09:37:17,M90101C11001,200,1401,315670,01023215,000201000008122,IA
1240,000000001130,20/09/23 09:40:17,M10101M00001,200,1401,064279,01023215,000201000008122,JA
1240,000000004093,20/09/23 09:42:07,M10101M00001,200,1401,063371,01022273,000201000008122,JA
1240,000000002000,20/09/23 09:12:23,M90101C11001,200,1401,031800,01022274,000201000008122,IA
1240,000000000600,20/09/23 09:13:16,M10101C13001,200,1401,821281,01022542,000201000008122,IA
1240,000000000848,20/09/23 09:13:35,M10101M00001,200,1401,483571,01022274,000201000008122,JA
1240,000000001100,20/09/23 08:52:34,M10101M00001,200,1401,054583,01023215,000201000008122,JA
1240,000000000498,20/09/23 10:23:06,M10101M00001,200,1401,230870,01022272,000201000008122,JA
1240,000000000837,20/09/23 09:59:23,M10101M00001,200,1401,R06769,01022271,000201000008122,JA
1240,000000002500,20/09/23 09:44:14,M90101C11001,200,1401,618970,01024915,000201000008122,IA
1240,000000021000,20/09/23 09:45:09,M10101C13001,200,1401,R36585,01023215,000201000008122,IA
1240,000000007167,20/09/23 09:46:34,M10101M00001,200,1401,463572,01022828,000201000008122,JA
1240,000000024600,20/09/23 09:49:03,M10101C13001,200,1401,965379,01021642,000201000008122,IA
1240,000000005000,20/09/23 09:51:16,M10101M00001,200,1401,005620,01018120,000201000008122,JA
1240,000000001196,20/09/23 10:50:03,M10101M00001,200,1401,693668,01022274,000201000008122,JA
1240,000000000999,20/09/23 10:52:02,M10101M00001,200,1401,296822,01022274,000201000008122,JA
1240,000000000800,20/09/23 10:55:28,M10101M00001,200,1401,396120,01021495,000201000008122,JA
1240,000000001599,20/09/23 10:25:17,M10101M00001,200,1401,R09346,01024914,000201000008122,JA
1240,000000010362,20/09/23 10:28:41,M90101C11001,200,1401,497926,01018120,000201000008122,IA
1240,000000003990,20/09/23 10:34:23,M10101M00001,200,1401,974240,01022542,000201000008122,JA
1240,000000000997,20/09/23 10:34:25,M10101M00001,200,1401,633413,01024914,000201000008122,JA
1240,000000005990,20/09/23 10:37:41,M10101C13001,200,1401,983972,01023273,000201000008122,IA
1240,000000000759,20/09/23 10:18:19,M90101C11001,200,1401,525203,01022828,000201000008122,IA
1240,000000003975,20/09/23 10:20:23,M10101C13001,200,1401,797943,01018120,000201000008122,IA
1240,000000001450,20/09/23 11:23:30,M10101M00001,200,1401,050745,01022313,000201000008122,JA
1240,000000008990,20/09/23 11:33:09,M10101M00001,200,1401,451460,01020026,000201000008122,JA
1240,000000001998,20/09/23 10:58:47,M10101M00001,200,1401,496657,01022273,000201000008122,JA
1240,000000006327,20/09/23 11:00:06,M90101C11001,200,1401,691556,01024914,000201000008122,IA
1240,000000007098,20/09/23 11:00:34,M90101C11001,200,1401,681292,01025887,000201000008122,IA
1240,000000002679,20/09/23 11:06:42,M10101M00001,200,1401,927886,01018120,000201000008122,JA
1240,000000001799,20/09/23 11:11:38,M90101C11001,200,1401,275323,01022274,000201000008122,IA
1240,000000001250,20/09/23 11:58:11,M10101M00001,200,1401,252408,01022313,000201000008122,JA
1240,000000009314,20/09/23 11:37:28,M90101C11001,200,1401,485483,01018120,000201000008122,IA
1240,000000000863,20/09/23 11:39:19,M90101C11001,200,1401,873476,01022272,000201000008122,IA
1240,000000000199,20/09/23 11:40:36,M10101M00001,200,1401,353202,01022271,000201000008122,JA
1240,000000004172,20/09/23 11:42:00,M10101M00001,200,1401,392621,01018120,000201000008122,JA
1240,000000018000,20/09/23 11:44:14,M10101M00001,200,1401,441568,01020025,000201000008122,JA
1240,000000002000,20/09/23 11:21:40,M10101M00001,200,1401,011346,01022966,000201000008122,JA
1240,000000001699,20/09/23 12:17:41,M10101M00001,200,1401,876430,01024914,000201000008122,JA
1240,000000001127,20/09/23 12:02:40,M10101M00001,200,1401,485809,01024914,000201000008122,JA
1240,000000005000,20/09/23 12:11:13,M90101C11001,200,1401,075033,01024915,000201000008122,IA
1240,000000001200,20/09/23 12:11:33,M10101M00001,200,1401,975176,01022313,000201000008122,JA
1240,000000000796,20/09/23 11:49:24,M10101M00001,200,1401,217866,01022272,000201000008122,JA
1240,000000005284,20/09/23 11:51:39,M10101M00001,200,1401,208537,01025887,000201000008122,JA
1240,000000002337,20/09/23 11:52:32,M90101C11001,200,1401,035900,01022271,000201000008122,IA
1240,000000002500,20/09/23 12:31:52,M90101C11001,200,1401,022228,01024915,000201000008122,IA
1240,000000012000,20/09/23 12:37:33,M10101C13001,200,1401,053409,01020044,000201000008122,IA
1240,000000001200,20/09/23 01:13:47,M10101M00001,200,1401,077529,01023215,000201000008122,JA
1240,000000007900,20/09/23 12:45:53,M10101C13001,200,1401,001958,01022902,000201000008122,IA
1240,000000000957,20/09/23 12:49:33,M90101C11001,200,1401,288319,01022272,000201000008122,IA
1240,000000025600,20/09/23 12:50:49,M90101C11001,200,1401,255728,01022691,000201000008122,IA
1240,000000005395,20/09/23 01:18:12,M90101C11001,200,1401,105732,01022542,000201000008122,IA
1240,000000001000,20/09/23 01:28:02,M90101C11001,200,1401,057395,01024915,000201000008122,IA
1240,000000000799,20/09/23 02:01:46,M90101C11001,200,1401,875336,01022542,000201000008122,IA
1240,000000000500,20/09/23 02:02:57,M10101M00001,200,1401,683092,01023215,000201000008122,JA
1240,000000067438,20/09/23 01:41:09,M10101M13001,200,1401,282981,01018156,000201000008122,JA
1240,000000001708,20/09/23 01:44:30,M90101C11001,200,1401,885600,01022830,000201000008122,IA
1240,000000024994,20/09/23 01:45:14,M10101M00001,200,1401,54EBB1,01018156,000201000008122,YD
1240,000000003790,20/09/23 01:48:17,M90101C11001,200,1401,481858,01022830,000201000008122,IA
1240,000000005078,20/09/23 01:49:47,M90101C11001,200,1401,199306,01022542,000201000008122,IA
1240,000000013170,20/09/23 01:51:29,M10101M00001,200,1401,513169,01018156,000201000008122,JA
1240,000000013170,20/09/23 01:52:49,M10101M00001,200,1401,051533,01018156,000201000008122,JA
1240,000000000349,20/09/23 01:34:34,M10101M00001,200,1401,622369,01022273,000201000008122,JA
1240,000000061856,20/09/23 02:09:20,M10101M13001,200,1401,028899,01018156,000201000008122,JA
1240,000000007362,20/09/23 02:17:20,M10101M00001,200,1401,288954,01018119,000201000008122,JA
1240,000000004976,20/09/23 01:55:55,M10101M00001,200,1401,056640,01022542,000201000008122,JA
1240,000000004495,20/09/23 02:37:18,M10101M00001,200,1401,099103,01022274,000201000008122,JA
1240,000000005200,20/09/23 02:40:43,M90101C11001,200,1401,229482,01025624,000201000008122,IA
1240,000000026905,20/09/23 02:22:52,M10101M13001,200,1401,225467,01018155,000201000008122,JA
1240,000000092252,20/09/23 02:28:51,M90101C11001,200,1401,062293,01018155,000201000008122,IA
1240,000000060000,20/09/23 02:29:30,M10101M13001,200,1401,067632,01018156,000201000008122,JA
1240,000000002900,20/09/23 12:52:43,M10101C13001,200,1401,833316,01024709,000201000008137,IA
1240,000000002900,20/09/23 01:40:58,M10101M00001,200,1401,188713,01024709,000201000008137,JA
1240,000000005000,20/09/23 11:35:11,M90101C11001,200,1401,045204,01024549,000201000008268,IA
1240,000000006503,20/09/23 12:58:09,M10101M00001,200,1401,779864,01024549,000201000008268,JA
1240,000000010000,20/09/23 12:45:45,M10101M00001,200,1401,782511,01024549,000201000008268,JA
1240,000000006000,20/09/23 01:27:00,M10101C13001,200,1401,504485,01024549,000201000008268,IA
1240,000000005000,20/09/23 01:55:08,M90101C11001,200,1401,097846,01024549,000201000008268,IA
1240,000000002700,20/09/23 02:37:15,M90101C11001,200,1401,907244,01024549,000201000008268,IA
1240,000000007000,20/09/23 01:16:03,M10101M00001,200,1401,669347,01009321,000201000008275,JA
1240,000000001000,20/09/23 02:51:16,M90101C11001,200,1401,557417,01009321,000201000008275,IA
1240,000000001500,20/09/23 09:17:41,M10101M00001,200,1401,174368,01014133,000201000008448,JA
1240,000000010000,20/09/23 08:47:31,M90101C11001,200,1401,506265,01014889,000201000008480,IA
1240,000000015000,20/09/23 02:16:00,M10101M00001,200,1401,001057,01009759,000201000008480,JA
1240,000000049700,20/09/23 07:55:53,M10101M13001,200,1401,555465,01009718,000201000008517,JA
1240,000000010000,20/09/23 02:17:24,M90101C11001,200,1401,070227,01009862,000201000008525,IA
1240,000000001000,20/09/23 02:43:12,M10101M00001,200,1401,520796,01009862,000201000008525,JA
1240,000000013000,20/09/23 07:40:30,M90101C11001,200,1401,592613,01009907,000201000008556,IA
1240,000000011500,20/09/23 02:06:21,M10101C13001,200,1401,R03929,01009922,000201000008559,IA
1240,000000063000,20/09/23 08:11:22,M10101M13001,200,1401,112463,01009968,000201000008570,JA
1240,000000012800,20/09/23 11:21:46,M90101C11001,200,1401,736136,01018570,000201000008578,IA
1240,000000003300,20/09/23 09:24:51,M10101C13001,200,1401,785699,01010362,000201000008677,IA
1240,000000010000,20/09/23 07:31:31,M10101M00001,200,1401,R08280,01025515,000201000008700,JA
1240,000000010000,20/09/23 09:08:54,M10101C13001,200,1401,544982,01025515,000201000008700,IA
1240,000000000300,20/09/23 10:02:09,M10101M00001,200,1401,056254,01017601,000201000008700,JA
1240,000000010000,20/09/23 10:33:52,M10101M00001,200,1401,714552,01017773,000201000008700,JA
1240,000000010000,20/09/23 10:38:24,M90101C11001,200,1401,691516,01025515,000201000008700,IA
1240,000000002500,20/09/23 11:42:59,M10101M00001,200,1401,479330,01025515,000201000008700,JA
1240,000000002178,20/09/23 11:19:23,M10101C13001,200,1401,763679,01025515,000201000008700,IA
1240,000000005500,20/09/23 02:34:03,M10101C13001,200,1401,124531,01025515,000201000008700,IA
1240,000000010000,20/09/23 10:21:56,M10101C13001,200,1401,045259,01010413,000201000008760,IA
1240,000000020000,20/09/23 10:03:21,M10101C13001,200,1401,515119,01010533,000201000008851,IA
1240,000000001500,20/09/23 01:33:03,M10101M00001,200,1401,887127,01010474,000201000008935,JA
1240,000000001000,20/09/23 08:54:02,M10101M00001,200,1401,302876,01025234,000201000009034,JA
1240,000000000650,20/09/23 08:54:41,M10101M00001,200,1401,882875,01025234,000201000009034,JA
1240,000000000650,20/09/23 09:03:46,M10101M00001,200,1401,282364,01025234,000201000009034,JA
1240,000000000750,20/09/23 10:01:29,M10101M00001,200,1401,309190,01025234,000201000009034,JA
1240,000000000650,20/09/23 09:44:26,M10101M00001,200,1401,442772,01025234,000201000009034,JA
1240,000000003950,20/09/23 09:45:52,M10101M00001,200,1401,022998,01025234,000201000009034,JA
1240,000000000950,20/09/23 09:49:36,M10101M00001,200,1401,493882,01025234,000201000009034,JA
1240,000000000350,20/09/23 12:39:50,M10101M00001,200,1401,517072,01025234,000201000009034,JA
1240,000000015000,20/09/23 12:46:09,M10101M00001,200,1401,009521,01025239,000201000009035,JA
1240,000000001834,20/09/23 01:29:11,M10101M00001,200,1401,057135,01010872,000201000009071,JA
1240,000000003667,20/09/23 01:30:03,M90101C11001,200,1401,170485,01010872,000201000009071,IA
1240,000000069947,20/09/23 08:12:12,M10101C13001,200,1401,R89132,01010923,000201000009090,IA
1240,000000036698,20/09/23 12:02:47,M10101C13001,200,1401,847629,01012298,000201000009090,IA
1240,000000046028,20/09/23 01:43:16,M10101M13001,200,1401,074439,01012298,000201000009090,JA
1240,000000045295,20/09/23 01:44:40,M10101C13001,200,1401,041842,01012298,000201000009090,IA
1240,000000019065,20/09/23 01:47:31,M90101C11001,200,1401,059776,01012298,000201000009090,IA
1240,000000020000,20/09/23 08:56:01,M10101C13001,200,1401,253954,01010896,000201000009104,IA
1240,000000011000,20/09/23 01:23:37,M10101M00001,200,1401,233869,01010899,000201000009109,JA
1240,000000010000,20/09/23 11:21:10,M10101M00001,200,1401,151581,01024262,000201000009171,JA
1240,000000005000,20/09/23 01:16:30,M10101M00001,200,1401,616169,01011133,000201000009185,JA
1240,000000002600,20/09/23 01:36:25,M90101C11001,200,1401,011877,01011133,000201000009185,IA
1240,000000002600,20/09/23 01:37:14,M10101M00001,200,1401,768818,01011133,000201000009185,JA
1240,000000014960,20/09/23 01:18:23,M90101C11001,200,1401,908429,01011133,000201000009185,IA
1240,000000002000,20/09/23 08:31:21,M10101M00001,200,1401,955825,01022712,000201000009302,JA
1240,000000002000,20/09/23 07:55:58,M90101C11001,200,1401,555969,01022712,000201000009302,IA
1240,000000013400,20/09/23 08:37:35,M90101C11001,200,1401,161795,01022712,000201000009302,IA
1240,000000002000,20/09/23 08:38:21,M90101C11001,200,1401,891796,01022712,000201000009302,IA
1240,000000006000,20/09/23 08:42:22,M10101M00001,200,1401,200277,01022712,000201000009302,JA
1240,000000003000,20/09/23 08:16:48,M10101M00001,200,1401,349028,01022712,000201000009302,JA
1240,000000010000,20/09/23 09:54:25,M10101M00001,200,1401,699977,01022712,000201000009302,JA
1240,000000003000,20/09/23 11:23:35,M10101M00001,200,1401,049735,01022712,000201000009302,JA
1240,000000009802,20/09/23 11:01:28,M10101C13001,200,1401,R80972,01022712,000201000009302,IA
1240,000000005000,20/09/23 11:38:16,M90101C11001,200,1401,314382,01022712,000201000009302,IA
1240,000000002000,20/09/23 12:14:50,M10101C13001,200,1401,008251,01022712,000201000009302,IA
1240,000000004000,20/09/23 01:37:02,M90101C11001,200,1401,759346,01022712,000201000009302,IA
1240,000000010000,20/09/23 01:39:08,M90101C11001,200,1401,548623,01022712,000201000009302,IA
1240,000000003000,20/09/23 02:19:53,M10101C13001,200,1401,947970,01022712,000201000009302,IA
1240,000000005000,20/09/23 02:20:33,M10101M00001,200,1401,203568,01022712,000201000009302,JA
1240,000000001400,20/09/23 12:36:15,M10101M00001,200,1401,182332,01011509,000201000009367,JA
1240,000000000700,20/09/23 01:10:32,M10101M00001,200,1401,634280,01011509,000201000009367,JA
1240,000000002774,20/09/23 09:01:29,M10101M00001,200,1401,624014,01011908,000201000009372,JA
1240,000000002550,20/09/23 09:43:32,M10101M00001,200,1401,657088,01011908,000201000009372,JA
1240,000000002500,20/09/23 01:03:52,M90101C11001,200,1401,081171,01012007,000201000009505,IA
1240,000000002000,20/09/23 02:38:31,M10101M00001,200,1401,926269,01012007,000201000009505,JA
1240,000000002030,20/09/23 08:37:41,M10101M00001,200,1401,374349,01011883,000201000009539,JA
1240,000000016500,20/09/23 02:37:12,M10101M00001,200,1401,590667,01011733,000201000009548,JA
1240,000000020000,20/09/23 02:19:39,M10101M00001,200,1401,R02428,01011733,000201000009548,JA
1240,000000010000,20/09/23 11:44:25,M10101M00001,200,1401,011414,01014204,000201000009629,JA
1240,000000026857,20/09/23 01:19:39,M90101C11001,200,1401,194072,01011839,000201000009646,IA
1240,000000001900,20/09/23 06:54:05,M10101M00001,200,1401,591889,01012140,000201000009674,JA
1240,000000001700,20/09/23 02:39:46,M90101C11001,200,1401,272400,01012140,000201000009674,IA
1240,000000001926,20/09/23 08:46:46,M90101C11001,200,1401,029641,01011864,000201000009676,IA
1240,000000006438,20/09/23 09:36:53,M10101M00001,200,1401,253085,01011864,000201000009676,JA
1240,000000005978,20/09/23 10:04:25,M10101C13001,200,1401,427657,01011864,000201000009676,IA
1240,000000024000,20/09/23 10:57:41,M10101M13001,200,1401,R01007,01011864,000201000009676,JA
1240,000000003400,20/09/23 11:56:49,M10101M00001,200,1401,277336,01011864,000201000009676,JA
1240,000000005000,20/09/23 02:02:33,M90101C11001,200,1401,970358,01011864,000201000009676,IA
1240,000000007500,20/09/23 08:08:29,M10101M00001,200,1401,UEOX40,01012219,000201000009906,JA
1240,000000003000,20/09/23 09:56:43,M90101C11001,200,1401,564570,01012219,000201000009906,IA
1240,000000001600,20/09/23 09:18:45,M10101M00001,200,1401,057920,01023942,000201000009931,JA
1240,000000000650,20/09/23 10:42:24,M10101M00001,200,1401,776782,01023942,000201000009931,JA
1240,000000000850,20/09/23 12:07:47,M10101M00001,200,1401,086427,01023942,000201000009931,JA
1240,000000002890,20/09/23 01:11:02,M10101M00001,200,1401,055195,01023942,000201000009931,JA
1240,000000003350,20/09/23 01:12:41,M10101M00001,200,1401,124275,01023942,000201000009931,JA
1240,000000000800,20/09/23 12:56:18,M90101C11001,200,1401,561983,01023942,000201000009931,IA
1240,000000000870,20/09/23 12:58:57,M10101M00001,200,1401,586658,01023942,000201000009931,JA
1240,000000000250,20/09/23 12:45:26,M10101M00001,200,1401,965543,01023942,000201000009931,JA
1240,000000002280,20/09/23 02:09:43,M10101M00001,200,1401,027235,01023942,000201000009931,JA
1240,000000014000,20/09/23 11:16:17,M10101M00001,200,1401,009710,01015544,000201000009977,JA
1240,000000002850,20/09/23 12:06:02,M10101M00001,200,1401,162064,01015298,000201000009977,JA
1240,000000006500,20/09/23 12:14:53,M90101C11001,200,1401,026169,01015285,000201000009977,IA
1240,000000004350,20/09/23 01:02:57,M10101M00001,200,1401,217244,01015298,000201000009977,JA
1240,000000002700,20/09/23 12:52:42,M10101M00001,200,1401,048457,01015298,000201000009977,JA
1240,000000003300,20/09/23 01:10:35,M10101M00001,200,1401,655650,01015298,000201000009977,JA
1240,000000003550,20/09/23 02:04:16,M10101M00001,200,1401,796918,01015298,000201000009977,JA
1240,000000002800,20/09/23 01:41:22,M10101M00001,200,1401,092456,01015298,000201000009977,JA
1240,000000004600,20/09/23 01:42:01,M10101M00001,200,1401,569503,01015298,000201000009977,JA
1240,000000003050,20/09/23 01:42:52,M10101M00001,200,1401,R08544,01015298,000201000009977,JA
1240,000000004000,20/09/23 01:32:07,M10101M00001,200,1401,037429,01015298,000201000009977,JA
1240,000000003050,20/09/23 02:59:37,M10101M00001,200,1401,248533,01015298,000201000009977,JA
1240,000000008000,20/09/23 10:21:37,M90101C11001,200,1401,009978,01012499,000201000009995,IA
1240,000000000559,20/09/23 08:23:16,M10101C13001,200,1401,387009,01013912,000201000010024,IA
1240,000000004362,20/09/23 08:31:43,M90101C11001,200,1401,067859,01017451,000201000010025,IA
1240,000000007486,20/09/23 08:46:39,M90101C11001,200,1401,464053,01017451,000201000010025,IA
1240,000000006292,20/09/23 09:59:33,M10101M00001,200,1401,365882,01017451,000201000010025,YD
1240,000000004990,20/09/23 11:29:23,M90101C11001,200,1401,940617,01017039,000201000010025,IA
1240,000000049000,20/09/23 10:45:14,M90101C11001,200,1401,059928,01017273,000201000010025,IA
1240,000000008459,20/09/23 10:48:55,M10101M00001,200,1401,079343,01017080,000201000010025,JA
1240,000000009980,20/09/23 11:44:33,M10101M00001,200,1401,055848,01017039,000201000010025,JA
1240,000000005441,20/09/23 12:20:45,M10101M00001,200,1401,058947,01017277,000201000010025,JA
1240,000000010648,20/09/23 12:05:44,M90101C11001,200,1401,054571,01017080,000201000010025,IA
1240,000000009200,20/09/23 12:09:17,M10101M00001,200,1401,090680,01017080,000201000010025,JA
1240,000000000869,20/09/23 12:13:09,M10101M00001,200,1401,015980,01017121,000201000010025,JA
1240,000000003079,20/09/23 11:48:05,M90101C11001,200,1401,077562,01017277,000201000010025,IA
1240,000000005557,20/09/23 12:53:07,M10101M00001,200,1401,530966,01017277,000201000010025,JA
1240,000000004450,20/09/23 12:36:22,M10101M00001,200,1401,883309,01017027,000201000010025,JA
1240,000000005500,20/09/23 12:37:56,M10101M00001,200,1401,375877,01017068,000201000010025,JA
1240,000000003600,20/09/23 12:39:12,M10101C00001,200,1401,07441B,01017451,000201000010025,YD
1240,000000008086,20/09/23 12:40:17,M90101C11001,200,1401,401875,01017277,000201000010025,IA
1240,000000005550,20/09/23 12:21:31,M10101M00001,200,1401,064835,01017027,000201000010025,JA
1240,000000011559,20/09/23 12:21:49,M90101C11001,200,1401,224092,01017277,000201000010025,IA
1240,000000005280,20/09/23 12:27:41,M10101C13001,200,1401,674419,01017068,000201000010025,IA
1240,000000009900,20/09/23 12:30:40,M90101C11001,200,1401,017251,01017068,000201000010025,IA
1240,000000005550,20/09/23 12:31:18,M90101C11001,200,1401,311954,01017027,000201000010025,IA
1240,000000005000,20/09/23 01:13:24,M90101C11001,200,1401,632616,01017027,000201000010025,IA
1240,000000005280,20/09/23 01:14:35,M10101M00001,200,1401,335838,01017068,000201000010025,JA
1240,000000010716,20/09/23 01:15:35,M10101M00001,200,1401,SNB458,01017451,000201000010025,JA
1240,000000006200,20/09/23 12:58:28,M10101C13001,200,1401,288233,01017068,000201000010025,IA
1240,000000059543,20/09/23 01:01:20,M90101C11001,200,1401,523778,01017080,000201000010025,IA
1240,000000002000,20/09/23 01:03:23,M10101M00001,200,1401,W3LXZF,01017273,000201000010025,JA
1240,000000002883,20/09/23 12:45:06,M90101C11001,200,1401,693638,01017055,000201000010025,IA
1240,000000010560,20/09/23 12:45:32,M90101C11001,200,1401,070877,01017027,000201000010025,IA
1240,000000002752,20/09/23 12:45:34,M90101C11001,200,1401,359506,01017277,000201000010025,IA
1240,000000004400,20/09/23 12:47:12,M10101M00001,200,1401,014264,01017027,000201000010025,JA
1240,000000006541,20/09/23 12:47:35,M90101C11001,200,1401,942547,01017055,000201000010025,IA
1240,000000004450,20/09/23 12:51:25,M90101C11001,200,1401,324419,01017068,000201000010025,IA
1240,000000004014,20/09/23 01:37:02,M90101C11001,200,1401,370469,01017068,000201000010025,IA
1240,000000004014,20/09/23 01:37:47,M10101M00001,200,1401,374861,01017068,000201000010025,JA
1240,000000004547,20/09/23 01:38:14,M90101C11001,200,1401,008823,01017055,000201000010025,IA
1240,000000020966,20/09/23 01:38:53,M90101C11001,200,1401,075101,01017142,000201000010025,IA
1240,000000005550,20/09/23 01:39:30,M10101M00001,200,1401,015696,01017068,000201000010025,JA
1240,000000009900,20/09/23 01:41:06,M10101M00001,200,1401,087422,01017273,000201000010025,JA
1240,000000007326,20/09/23 01:17:53,M10101M00001,200,1401,254111,01017142,000201000010025,JA
1240,000000010060,20/09/23 01:26:29,M90101C11001,200,1401,041890,01017068,000201000010025,IA
1240,000000005753,20/09/23 01:05:16,M90101C11001,200,1401,651769,01017025,000201000010025,IA
1240,000000004148,20/09/23 01:07:57,M90101C11001,200,1401,097800,01017277,000201000010025,IA
1240,000000008815,20/09/23 02:04:40,M10101M00001,200,1401,697094,01017277,000201000010025,YD
1240,000000007480,20/09/23 01:43:21,M90101C11001,200,1401,000368,01017027,000201000010025,IA
1240,000000007480,20/09/23 01:43:54,M10101M00001,200,1401,040502,01017027,000201000010025,JA
1240,000000000600,20/09/23 01:45:08,M10101M00001,200,1401,042651,01017451,000201000010025,JA
1240,000000003900,20/09/23 01:47:14,M10101M00001,200,1401,056164,01017027,000201000010025,JA
1240,000000003047,20/09/23 01:36:13,M90101C11001,200,1401,095856,01017277,000201000010025,IA
1240,000000005337,20/09/23 02:05:23,M10101M00001,200,1401,052564,01017277,000201000010025,JA
1240,000000006000,20/09/23 02:05:59,M10101M00001,200,1401,077835,01017094,000201000010025,JA
1240,000000003857,20/09/23 02:07:12,M90101C11001,200,1401,472518,01017277,000201000010025,IA
1240,000000012078,20/09/23 02:07:28,M10101M00001,200,1401,073077,01017080,000201000010025,JA
1240,000000006567,20/09/23 02:08:17,M10101M00001,200,1401,081968,01017025,000201000010025,JA
1240,000000004410,20/09/23 02:14:52,M10101C13001,200,1401,009531,01017055,000201000010025,IA
1240,000000006168,20/09/23 01:54:00,M90101C11001,200,1401,088818,01017277,000201000010025,IA
1240,000000011440,20/09/23 01:54:59,M10101M00001,200,1401,096855,01017027,000201000010025,JA
1240,000000004409,20/09/23 01:55:16,M10101M00001,200,1401,076315,01017277,000201000010025,JA
1240,000000004973,20/09/23 01:57:17,M90101C11001,200,1401,010300,01017055,000201000010025,IA
1240,000000033154,20/09/23 02:51:21,M90101C11001,200,1401,069843,01017080,000201000010025,IA
1240,000000005596,20/09/23 02:51:54,M10101M00001,200,1401,610000,01017277,000201000010025,JA
1240,000000004426,20/09/23 02:58:19,M10101M00001,200,1401,404934,01017277,000201000010025,JA
1240,000000009180,20/09/23 02:39:45,M90101C11001,200,1401,394759,01017068,000201000010025,IA
1240,000000003190,20/09/23 02:47:53,M90101C11001,200,1401,947257,01017027,000201000010025,IA
1240,000000003190,20/09/23 02:48:32,M90101C11001,200,1401,538460,01017027,000201000010025,IA
1240,000000007236,20/09/23 02:25:46,M10101M00001,200,1401,402782,01017277,000201000010025,JA
1240,000000012330,20/09/23 10:12:11,M10101M00001,200,1401,R02906,01013224,000201000010175,JA
1240,000000004300,20/09/23 10:18:12,M90101C11001,200,1401,027773,01023748,000201000010186,IA
1240,000000002850,20/09/23 02:15:27,M10101M00001,200,1401,072577,01023748,000201000010186,JA
1240,000000008000,20/09/23 08:57:50,M10101C13001,200,1401,050391,01013618,000201000010302,IA
1240,000000015500,20/09/23 09:25:00,M10101C13001,200,1401,940910,01024068,000201000010302,IA
1240,000000008000,20/09/23 11:09:47,M90101C11001,200,1401,694896,01013628,000201000010302,IA
1240,000000008000,20/09/23 01:45:11,M90101C11001,200,1401,453581,01017323,000201000010302,IA
1240,000000008000,20/09/23 02:46:01,M90101C11001,200,1401,692088,01013618,000201000010302,IA
1240,000000002000,20/09/23 09:08:18,M10101M00001,200,1401,900977,13202202,000201000010410,JA
1240,000000001500,20/09/23 02:55:33,M10101M00001,200,1401,087409,01013945,000201000010412,JA
1240,000000001499,20/09/23 07:08:25,M10101M00001,200,1401,153498,01014221,000201000010521,JA
1240,000000003000,20/09/23 07:36:26,M10101M00001,200,1401,447572,01025505,000201000010537,JA
1240,000000002304,20/09/23 12:11:17,M90101C11001,200,1401,053285,01025505,000201000010537,IA
1240,000000003000,20/09/23 12:12:29,M90101C11001,200,1401,053710,01025505,000201000010537,IA
1240,000000006500,20/09/23 06:58:46,M10101M00001,200,1401,507117,01025505,000201000010537,JA
1240,000000010000,20/09/23 07:39:06,M10101M00001,200,1401,905342,01025505,000201000010537,JA
1240,000000003000,20/09/23 08:04:34,M10101M00001,200,1401,347665,01014225,000201000010537,JA
1240,000000007000,20/09/23 07:05:33,M90101C11001,200,1401,401777,01014225,000201000010537,IA
1240,000000003000,20/09/23 07:12:00,M90101C11001,200,1401,655630,01025505,000201000010537,IA
1240,000000005000,20/09/23 08:14:12,M10101C13001,200,1401,620385,01014225,000201000010537,IA
1240,000000010000,20/09/23 10:48:53,M90101C11001,200,1401,476604,01014225,000201000010537,IA
1240,000000002000,20/09/23 11:35:50,M90101C11001,200,1401,556605,01014225,000201000010537,IA
1240,000000006000,20/09/23 11:19:53,M10101M00001,200,1401,869397,01014225,000201000010537,JA
1240,000000005000,20/09/23 01:25:30,M90101C11001,200,1401,036251,01025505,000201000010537,IA
1240,000000005000,20/09/23 01:45:36,M90101C11001,200,1401,037768,01025505,000201000010537,IA
1240,000000002000,20/09/23 07:35:51,M10101M00001,200,1401,992671,01023771,000201000010555,JA
1240,000000016000,20/09/23 09:36:48,M10101M00001,200,1401,040726,01023771,000201000010555,JA
1240,000000001500,20/09/23 10:54:07,M10101M00001,200,1401,407284,01017747,000201000010555,JA
1240,000000006000,20/09/23 11:33:55,M90101C11001,200,1401,681318,01017747,000201000010555,IA
1240,000000001500,20/09/23 11:49:49,M10101M00001,200,1401,088003,01023771,000201000010555,JA
1240,000000002000,20/09/23 01:15:34,M10101M00001,200,1401,932268,01023771,000201000010555,JA
1240,000000002000,20/09/23 12:50:30,M10101M00001,200,1401,789998,01023771,000201000010555,JA
1240,000000004000,20/09/23 01:42:37,M10101M00001,200,1401,946888,01023771,000201000010555,JA
1240,000000001500,20/09/23 01:47:35,M10101M00001,200,1401,473765,01017747,000201000010555,JA
1240,000000002000,20/09/23 02:31:30,M10101M00001,200,1401,044651,01023771,000201000010555,JA
1240,000000003500,20/09/23 01:55:35,M10101M00001,200,1401,728217,01023771,000201000010555,JA
1240,000000011000,20/09/23 12:17:00,M90101C11001,200,1401,R34355,01015824,000201000010617,IA
1240,000000011000,20/09/23 01:24:47,M90101C11001,200,1401,065987,01015824,000201000010617,IA
1240,000000011000,20/09/23 01:05:27,M10101M00001,200,1401,298881,01015824,000201000010617,JA
1240,000000001062,20/09/23 07:32:11,M90101C11001,200,1401,321257,01020741,000201000010735,IA
1240,000000000675,20/09/23 07:32:40,M90101C11001,200,1401,946113,01020741,000201000010735,IA
1240,000000000600,20/09/23 07:46:15,M10101C13001,200,1401,EU1DQ7,01020741,000201000010735,IA
1240,000000001995,20/09/23 07:52:11,M10101M00001,200,1401,R05443,01020741,000201000010735,JA
1240,000000002171,20/09/23 07:52:36,M10101M00001,200,1401,857919,01020741,000201000010735,JA
1240,000000000949,20/09/23 07:31:10,M10101M00001,200,1401,MDR4C0,01020741,000201000010735,JA
1240,000000001600,20/09/23 08:57:51,M10101M00001,200,1401,636385,01020741,000201000010735,JA
1240,000000001800,20/09/23 08:35:32,M90101C11001,200,1401,353455,01020741,000201000010735,IA
1240,000000003290,20/09/23 08:43:42,M10101M00001,200,1401,748389,01020741,000201000010735,JA
1240,000000002640,20/09/23 10:05:03,M10101M00001,200,1401,518388,01020741,000201000010735,JA
1240,000000001200,20/09/23 10:17:11,M10101M00001,200,1401,062906,01020741,000201000010735,JA
1240,000000000379,20/09/23 11:00:15,M10101M00001,200,1401,378677,01020741,000201000010735,JA
1240,000000001695,20/09/23 10:44:44,M10101M00001,200,1401,078439,01020741,000201000010735,JA
1240,000000003002,20/09/23 01:35:17,M10101M00001,200,1401,827905,01020741,000201000010735,JA
1240,000000000800,20/09/23 12:59:40,M10101M00001,200,1401,594258,01014474,000201000010741,JA
1240,000000004165,20/09/23 01:26:51,M10101M00001,200,1401,947867,01014474,000201000010741,JA
1240,000000004903,20/09/23 02:47:07,M10101M00001,200,1401,034993,01014474,000201000010741,JA
1240,000000008000,20/09/23 01:51:46,M10101C13001,200,1401,614894,01025687,000201000010753,IA
1240,000000020000,20/09/23 08:51:44,M10101C13001,200,1401,520257,01014770,000201000010843,IA
1240,000000002500,20/09/23 10:32:54,M10101M00001,200,1401,R46798,01014902,000201000010928,JA
1240,000000000300,20/09/23 12:42:42,M10101M00001,200,1401,098274,01017913,000201000010945,JA
1240,000000207000,20/09/23 08:27:52,M90101C11001,200,1401,275374,01024889,000201000010984,IA
1240,000000000550,20/09/23 08:48:27,M10101M00001,200,1401,R03468,01025355,000201000010984,JA
1240,000000001300,20/09/23 09:14:44,M10101M00001,200,1401,049150,01024873,000201000010984,JA
1240,000000009000,20/09/23 09:55:41,M90101C11001,200,1401,255654,01024889,000201000010984,IA
1240,000000013930,20/09/23 10:50:26,M90101C11001,200,1401,502871,01024889,000201000010984,IA
1240,000000008000,20/09/23 10:20:24,M10101M00001,200,1401,661291,01025378,000201000010984,JA
1240,000000008100,20/09/23 12:11:55,M90101C11001,200,1401,115671,01024889,000201000010984,IA
1240,000000005771,20/09/23 11:50:55,M10101M00001,200,1401,R06935,01024889,000201000010984,JA
1240,000000017000,20/09/23 01:59:41,M10101M00001,200,1401,575422,01025396,000201000010984,JA
1240,000000015000,20/09/23 09:19:18,M10101M00001,200,1401,062105,01023560,000201000010987,JA
1240,000000002200,20/09/23 12:19:51,M10101M00001,200,1401,836936,01023555,000201000010987,JA
1240,000000004000,20/09/23 12:35:39,M90101C11001,200,1401,027390,01023562,000201000010987,IA
1240,000000001750,20/09/23 12:35:51,M10101M00001,200,1401,319952,01023555,000201000010987,JA
1240,000000003750,20/09/23 01:20:14,M10101M00001,200,1401,746287,01023555,000201000010987,JA
1240,000000031500,20/09/23 01:26:38,M10101M13001,200,1401,664292,01025035,000201000010987,JA
1240,000000004000,20/09/23 01:30:51,M10101M00001,200,1401,305351,01023555,000201000010987,JA
1240,000000004000,20/09/23 01:54:02,M10101M00001,200,1401,058472,01023528,000201000010987,JA
1240,000000001800,20/09/23 01:55:32,M10101M00001,200,1401,505479,01023555,000201000010987,JA
1240,000000004500,20/09/23 10:06:49,M10101C13001,200,1401,R41176,01016476,000201000011007,IA
1240,000000004504,20/09/23 10:55:57,M10101M00001,200,1401,50WWYC,01015259,000201000011051,JA
1240,000000005000,20/09/23 11:07:23,M10101M00001,200,1401,R84966,01015390,000201000011116,JA
1240,000000002050,20/09/23 11:38:23,M90101C11001,200,1401,078990,01015390,000201000011116,IA
1240,000000050000,20/09/23 01:55:50,M10101M13001,200,1401,061210,01016724,000201000011139,JA
1240,000000002150,20/09/23 10:41:10,M10101M00001,200,1401,R68180,01019790,000201000011144,JA
1240,000000002749,20/09/23 08:16:02,M10101M00001,200,1401,195087,01016332,000201000011189,JA
1240,000000013800,20/09/23 09:38:14,M10101M00001,200,1401,821675,01015620,000201000011189,JA
1240,000000002149,20/09/23 09:13:48,M10101M00001,200,1401,219295,01015620,000201000011189,JA
1240,000000001268,20/09/23 09:16:51,M10101M00001,200,1401,160925,01015620,000201000011189,JA
1240,000000002307,20/09/23 10:00:04,M90101C11001,200,1401,000682,01015620,000201000011189,IA
1240,000000007451,20/09/23 09:45:48,M90101C11001,200,1401,800496,01015620,000201000011189,IA
1240,000000001598,20/09/23 12:24:40,M90101C11001,200,1401,781075,01015620,000201000011189,IA
1240,000000001650,20/09/23 01:03:34,M10101M00001,200,1401,419351,01015620,000201000011189,JA
1240,000000001199,20/09/23 12:50:30,M10101M00001,200,1401,485259,01015620,000201000011189,JA
1240,000000007300,20/09/23 01:09:00,M90101C11001,200,1401,090273,01015620,000201000011189,IA
1240,000000006499,20/09/23 02:12:47,M10101M00001,200,1401,719100,01015620,000201000011189,JA
1240,000000003744,20/09/23 02:37:56,M10101M00001,200,1401,375770,01015620,000201000011189,JA
1240,000000000520,20/09/23 06:46:33,M10101C13001,200,1401,030856,01015784,000201000011269,IA
1240,000000000300,20/09/23 08:15:06,M90101C11001,200,1401,294999,01015784,000201000011269,IA
1240,000000001200,20/09/23 07:58:31,M10101M00001,200,1401,667610,01015791,000201000011271,JA
1240,000000010800,20/09/23 07:21:11,M10101C13001,200,1401,R00217,01015935,000201000011367,IA
1240,000000000400,20/09/23 12:39:11,M10101M00001,200,1401,714559,01016151,000201000011462,JA
1240,000000001700,20/09/23 10:06:53,M10101C13001,200,1401,034003,01016165,000201000011473,IA
1240,000000014000,20/09/23 12:25:01,M10101M00001,200,1401,199291,01016484,000201000011576,JA
1240,000000025000,20/09/23 09:58:57,M90101C11001,200,1401,399131,01016522,000201000011597,IA
1240,000000000900,20/09/23 08:27:43,M10101C13001,200,1401,047568,01016598,000201000011618,IA
1240,000000013000,20/09/23 09:45:41,M10101C13001,200,1401,077445,01016851,000201000011698,IA
1240,000000017000,20/09/23 10:30:35,M10101C13001,200,1401,071500,01016851,000201000011698,IA
1240,000000002600,20/09/23 08:55:52,M10101M00001,200,1401,987845,01017020,000201000011785,JA
1240,000000001500,20/09/23 10:18:40,M10101M00001,200,1401,516440,01017020,000201000011785,JA
1240,000000003300,20/09/23 01:30:56,M10101M00001,200,1401,305766,01017021,000201000011785,JA
1240,000000001700,20/09/23 10:37:05,M10101M00001,200,1401,370868,01017125,000201000011796,JA
1240,000000003000,20/09/23 10:57:03,M10101M00001,200,1401,663356,01017441,000201000011869,JA
1240,000000003000,20/09/23 12:40:00,M10101M00001,200,1401,600301,01017537,000201000011906,JA
1240,000000006000,20/09/23 01:17:09,M90101C11001,200,1401,671116,01017537,000201000011906,IA
1240,000000003999,20/09/23 07:51:20,M10101C13001,200,1401,014259,01017552,000201000011914,IA
1240,000000000970,20/09/23 10:40:49,M10101M00001,200,1401,421944,01017594,000201000011926,JA
1240,000000006700,20/09/23 02:55:12,M90101C11001,200,1401,454855,01017594,000201000011926,IA
1240,000000026889,20/09/23 12:10:29,M10101C13001,200,1401,353041,01021189,000201000011963,IA
1240,000000004000,20/09/23 02:13:31,M90101C11001,200,1401,692571,01017720,000201000011978,IA
1240,000000004800,20/09/23 02:59:57,M10101M00001,200,1401,353798,01017744,000201000011992,JA
1240,000000010000,20/09/23 02:32:15,M90101C11001,200,1401,321673,01017859,000201000012009,IA
1240,000000003200,20/09/23 07:43:07,M10101C13001,200,1401,187450,01024769,000201000012021,IA
1240,000000001300,20/09/23 08:37:48,M10101C13001,200,1401,052309,01024769,000201000012021,IA
1240,000000001000,20/09/23 09:34:53,M90101C11001,200,1401,345466,01024769,000201000012021,IA
1240,000000004000,20/09/23 11:51:26,M10101M00001,200,1401,330906,01017802,000201000012028,JA
1240,000000004500,20/09/23 01:41:32,M90101C11001,200,1401,815429,01017802,000201000012028,IA
1240,000000002700,20/09/23 01:22:08,M10101M00001,200,1401,F78579,01017917,000201000012040,JA
1240,000000023000,20/09/23 08:36:10,M10101M13001,200,1401,361278,01020314,000201000012076,JA
1240,000000002500,20/09/23 11:22:03,M10101C13001,200,1401,074144,01017996,000201000012105,IA
1240,000000031800,20/09/23 01:30:01,M10101C13001,200,1401,074432,01017996,000201000012105,IA
1240,000000003740,20/09/23 08:30:54,M10101M00001,200,1401,496481,01019524,000201000012114,JA
1240,000000005406,20/09/23 08:32:05,M90101C11001,200,1401,065715,01019524,000201000012114,IA
1240,000000011740,20/09/23 09:06:42,M90101C11001,200,1401,946422,01019523,000201000012114,IA
1240,000000071423,20/09/23 09:31:57,M90101C11001,200,1401,103213,01019524,000201000012114,IA
1240,000000086357,20/09/23 09:46:34,M90101C11001,200,1401,428926,01019523,000201000012114,IA
1240,000000004590,20/09/23 09:52:50,M90101C11001,200,1401,012712,01019524,000201000012114,IA
1240,000000002048,20/09/23 10:49:48,M90101C11001,200,1401,449771,01019522,000201000012114,IA
1240,000000001090,20/09/23 10:51:31,M10101C13001,200,1401,085821,01019522,000201000012114,IA
1240,000000001550,20/09/23 10:17:50,M10101C13001,200,1401,619549,01019524,000201000012114,IA
1240,000000096183,20/09/23 11:10:01,M90101C11001,200,1401,380952,01019522,000201000012114,IA
1240,000000032913,20/09/23 10:41:12,M90101C11001,200,1401,993199,01019522,000201000012114,IA
1240,000000030907,20/09/23 11:35:29,M10101M13001,200,1401,896186,01019522,000201000012114,JA
1240,000000023000,20/09/23 11:47:02,M90101C11001,200,1401,418260,01019522,000201000012114,IA
1240,000000003185,20/09/23 12:27:42,M10101M00001,200,1401,681704,01019522,000201000012114,JA
1240,000000000200,20/09/23 02:04:42,M10101M00001,200,1401,783705,01019524,000201000012114,JA
1240,000000004145,20/09/23 01:29:44,M90101C11001,200,1401,363110,01019524,000201000012114,IA
1240,000000006400,20/09/23 02:16:33,M10101M00001,200,1401,579771,01019523,000201000012114,JA
1240,000000010935,20/09/23 01:55:54,M10101M00001,200,1401,925440,01019524,000201000012114,JA
1240,000000046245,20/09/23 02:45:42,M90101C11001,200,1401,003604,01019523,000201000012114,IA
1240,000000000597,20/09/23 02:25:38,M90101C11001,200,1401,874062,01019524,000201000012114,IA
1240,000000007000,20/09/23 12:49:14,M10101C13001,200,1401,R06703,01018210,000201000012175,IA
1240,000000028500,20/09/23 10:32:48,M10101M00001,200,1401,905147,01018232,000201000012183,JA
1240,000000007500,20/09/23 09:27:40,M90101C11001,200,1401,837882,01024561,000201000012224,IA
1240,000000021000,20/09/23 02:18:34,M10101M13001,200,1401,082510,01018352,000201000012254,JA
1240,000000025000,20/09/23 09:46:25,M90101C11001,200,1401,462653,01019877,000201000012257,IA
1240,000000020000,20/09/23 11:04:06,M10101M00001,200,1401,658503,01019877,000201000012257,JA
1240,000000010000,20/09/23 02:25:03,M90101C11001,200,1401,974814,01024960,000201000012271,IA
1240,000000022500,20/09/23 12:06:45,M10101C13001,200,1401,331361,01022596,000201000012287,IA
1240,000000006340,20/09/23 01:04:22,M10101M00001,200,1401,076676,01022596,000201000012287,JA
1240,000000002000,20/09/23 09:38:24,M10101M00001,200,1401,087607,01018494,000201000012329,JA
1240,000000009000,20/09/23 10:37:38,M10101M00001,200,1401,024891,01018659,000201000012357,JA
1240,000000002500,20/09/23 11:10:34,M10101C13001,200,1401,059153,01018739,000201000012427,IA
1240,000000014000,20/09/23 01:04:55,M90101C11001,200,1401,710961,01018739,000201000012427,IA
1240,000000002800,20/09/23 02:06:21,M90101C11001,200,1401,095526,01018739,000201000012427,IA
1240,000000365000,20/09/23 08:50:13,M90101C11001,200,1401,042561,01018828,000201000012443,IA
1240,000000040617,20/09/23 12:11:19,M10101M13001,200,1401,572687,01018900,000201000012497,JA
1240,000000013030,20/09/23 12:32:55,M90101C11001,200,1401,069721,01018900,000201000012497,IA
1240,000000001500,20/09/23 12:11:20,M10101C13001,200,1401,065227,01018918,000201000012506,IA
1240,000000001300,20/09/23 12:27:47,M90101C11001,200,1401,098556,01018918,000201000012506,IA
1240,000000000900,20/09/23 12:30:23,M10101C13001,200,1401,082589,01018918,000201000012506,IA
1240,000000004700,20/09/23 12:56:35,M90101C11001,200,1401,031119,01018918,000201000012506,IA
1240,000000001100,20/09/23 12:49:08,M10101M00001,200,1401,027487,01018918,000201000012506,JA
1240,000000000625,20/09/23 08:15:15,M10101M00001,200,1401,639654,01019005,000201000012525,JA
1240,000000001500,20/09/23 11:14:43,M10101M00001,200,1401,436384,01018988,000201000012539,JA
1240,000000003000,20/09/23 08:23:30,M90101C11001,200,1401,923281,01019040,000201000012558,IA
1240,000000012000,20/09/23 10:20:09,M90101C11001,200,1401,861696,01021654,000201000012587,IA
1240,000000012000,20/09/23 12:33:43,M10101M00001,200,1401,873648,01021654,000201000012587,JA
1240,000000001500,20/09/23 10:26:50,M10101C13001,200,1401,079502,01019297,000201000012592,IA
1240,000000001200,20/09/23 11:42:44,M10101M00001,200,1401,558495,01019498,000201000012638,JA
1240,000000002000,20/09/23 01:03:56,M10101M00001,200,1401,915788,01019498,000201000012638,JA
1240,000000001000,20/09/23 01:44:32,M10101M00001,200,1401,482771,01019498,000201000012638,JA
1240,000000003400,20/09/23 09:49:34,M10101M00001,200,1401,574136,01019530,000201000012650,JA
1240,000000000900,20/09/23 12:41:56,M10101M00001,200,1401,825200,01019530,000201000012650,JA
1240,000000012580,20/09/23 01:11:37,M90101C11001,200,1401,530611,01019568,000201000012671,IA
1240,000000008721,20/09/23 01:16:25,M10101M00001,200,1401,081689,01019568,000201000012671,JA
1240,000000006541,20/09/23 01:00:18,M10101C13001,200,1401,961926,01019568,000201000012671,IA
1240,000000008340,20/09/23 01:07:25,M10101M00001,200,1401,R08704,01019568,000201000012671,JA
1240,000000005989,20/09/23 01:10:27,M10101M00001,200,1401,416836,01019568,000201000012671,JA
1240,000000004603,20/09/23 01:30:50,M10101M00001,200,1401,063565,01019568,000201000012671,JA
1240,000000003052,20/09/23 02:14:33,M10101M00001,200,1401,414881,01019568,000201000012671,JA
1240,000000004973,20/09/23 02:56:42,M10101M00001,200,1401,163231,01019568,000201000012671,JA
1240,000000002784,20/09/23 11:24:56,M10101C13001,200,1401,067096,01019575,000201000012672,IA
1240,000000004200,20/09/23 11:26:08,M10101M00001,200,1401,229040,01019575,000201000012672,JA
1240,000000002000,20/09/23 11:59:45,M90101C11001,200,1401,790535,01019575,000201000012672,IA
1240,000000010099,20/09/23 11:43:01,M10101M00001,200,1401,047597,01019575,000201000012672,JA
1240,000000005975,20/09/23 11:43:50,M10101M00001,200,1401,R05954,01019575,000201000012672,JA
1240,000000003388,20/09/23 12:16:52,M10101M00001,200,1401,036864,01019575,000201000012672,JA
1240,000000002940,20/09/23 12:17:58,M10101M00001,200,1401,668508,01019575,000201000012672,JA
1240,000000004843,20/09/23 12:21:06,M10101M00001,200,1401,889176,01019575,000201000012672,JA
1240,000000004200,20/09/23 11:47:17,M10101M00001,200,1401,256564,01019575,000201000012672,JA
1240,000000018000,20/09/23 09:17:33,M90101C11001,200,1401,555235,01025018,000201000012760,IA
1240,000000011000,20/09/23 01:39:52,M10101M00001,200,1401,395360,01025018,000201000012760,JA
1240,000000035000,20/09/23 12:19:16,M90101C11001,200,1401,172550,01019932,000201000012776,IA
1240,000000012000,20/09/23 09:16:13,M10101M00001,200,1401,889234,01020156,000201000012850,JA
1240,000000010000,20/09/23 10:32:13,M10101M00001,200,1401,090513,01020157,000201000012855,JA
1240,000000020000,20/09/23 11:18:46,M90101C11001,200,1401,451222,01020157,000201000012855,IA
1240,000000008310,20/09/23 12:05:39,M10101M00001,200,1401,061816,01020222,000201000012885,JA
1240,000000029000,20/09/23 11:22:14,M10101M13001,200,1401,221757,01020693,000201000012921,JA
1240,000000029000,20/09/23 12:04:58,M10101M13001,200,1401,852046,01020693,000201000012921,JA
1240,000000015000,20/09/23 08:17:38,M10101M00001,200,1401,056471,01020548,000201000012929,JA
1240,000000015000,20/09/23 09:53:56,M10101M00001,200,1401,392589,01020548,000201000012929,JA
1240,000000040000,20/09/23 01:55:55,M10101M00001,200,1401,068043,01020548,000201000012929,JA
1240,000000012200,20/09/23 11:04:36,M90101C11001,200,1401,018752,01020644,000201000012964,IA
1240,000000014900,20/09/23 09:40:23,M10101M00001,200,1401,510423,01021329,000201000012967,JA
1240,000000010000,20/09/23 10:17:44,M10101M00001,200,1401,061591,01020858,000201000013017,JA
1240,000000009300,20/09/23 11:35:48,M90101C11001,200,1401,355077,01020860,000201000013017,IA
1240,000000009300,20/09/23 12:31:28,M10101M00001,200,1401,265131,01020860,000201000013017,JA
1240,000000054998,20/09/23 11:42:41,M10101M00001,200,1401,424452,01020895,000201000013020,JA
1240,000000015800,20/09/23 02:05:19,M10101M00001,200,1401,450639,01020895,000201000013020,JA
1240,000000000650,20/09/23 12:15:44,M90101C11001,200,1401,517407,01021342,000201000013081,IA
1240,000000000650,20/09/23 01:16:20,M10101M00001,200,1401,139538,01021342,000201000013081,JA
1240,000000000770,20/09/23 01:39:31,M10101M00001,200,1401,271098,01021342,000201000013081,JA
1240,000000000350,20/09/23 01:25:21,M10101M00001,200,1401,770961,01021342,000201000013081,JA
1240,000000001475,20/09/23 02:07:45,M90101C11001,200,1401,028927,01021342,000201000013081,IA
1240,000000000200,20/09/23 10:25:01,M10101M00001,200,1401,062624,01021445,000201000013135,JA
1240,000000012000,20/09/23 11:11:31,M10101M00001,200,1401,022116,01021445,000201000013135,JA
1240,000000018000,20/09/23 11:54:18,M90101C11001,200,1401,542065,01021445,000201000013135,IA
1240,000000010000,20/09/23 02:12:33,M10101M00001,200,1401,322260,01021608,000201000013178,JA
1240,000000001500,20/09/23 12:18:09,M10101M00001,200,1401,181074,01024533,000201000013193,JA
1240,000000003400,20/09/23 12:11:23,M10101M00001,200,1401,444865,01024533,000201000013193,JA
1240,000000002000,20/09/23 12:13:58,M10101M00001,200,1401,869916,01024533,000201000013193,JA
1240,000000001700,20/09/23 01:42:42,M10101M00001,200,1401,908433,01024533,000201000013193,JA
1240,000000001700,20/09/23 01:44:02,M90101C11001,200,1401,636106,01024533,000201000013193,IA
1240,000000033000,20/09/23 10:38:57,M10101M13001,200,1401,385959,01022577,000201000013785,JA
1240,000000005000,20/09/23 09:43:00,M90101C11001,200,1401,900223,01022660,000201000013812,IA
1240,000000005000,20/09/23 11:32:29,M10101C13001,200,1401,019135,01022703,000201000013832,IA
1240,000000027600,20/09/23 11:49:57,M90101C11001,200,1401,495757,01022925,000201000013879,IA
1240,000000006580,20/09/23 09:11:12,M10101M00001,200,1401,005483,01022870,000201000013892,JA
1240,000000003170,20/09/23 09:17:15,M90101C11001,200,1401,171665,01022870,000201000013892,IA
1240,000000004580,20/09/23 10:01:59,M90101C11001,200,1401,247391,01022870,000201000013892,IA
1240,000000001680,20/09/23 02:19:09,M90101C11001,200,1401,185743,01022870,000201000013892,IA
1240,000000242950,20/09/23 01:55:27,M90101C11001,200,1401,060591,01022877,000201000013898,IA
1240,000000002500,20/09/23 09:35:17,M10101M00001,200,1401,073028,01023052,000201000013931,JA
1240,000000003000,20/09/23 11:08:46,M10101M00001,200,1401,171536,01023052,000201000013931,JA
1240,000000003900,20/09/23 11:18:57,M10101M00001,200,1401,717854,01023052,000201000013931,JA
1240,000000003000,20/09/23 01:00:08,M10101M00001,200,1401,281827,01023052,000201000013931,JA
1240,000000003990,20/09/23 09:38:55,M90101C11001,200,1401,867070,01023647,000201000013945,IA
1240,000000015000,20/09/23 11:24:51,M10101M00001,200,1401,925094,01023089,000201000013954,JA
1240,000000000500,20/09/23 07:41:55,M10101M00001,200,1401,054840,01023202,000201000014006,JA
1240,000000001600,20/09/23 08:17:43,M10101M00001,200,1401,020623,01023202,000201000014006,JA
1240,000000000349,20/09/23 12:36:56,M10101M00001,200,1401,177615,01023209,000201000014027,JA
1240,000000008300,20/09/23 08:49:39,M10101M00001,200,1401,973575,01023868,000201000014031,JA
1240,000000000850,20/09/23 07:01:34,M10101M00001,200,1401,062750,01023252,000201000014041,JA
1240,000000000450,20/09/23 07:04:54,M10101M00001,200,1401,050382,01023252,000201000014041,JA
1240,000000008000,20/09/23 10:46:24,M10101M00001,200,1401,462668,01023386,000201000014080,JA
1240,000000008000,20/09/23 02:39:31,M10101M00001,200,1401,253042,01023404,000201000014088,JA
1240,000000004500,20/09/23 11:39:35,M10101M00001,200,1401,088492,01023673,000201000014126,JA
1240,000000000650,20/09/23 11:47:53,M10101M00001,200,1401,496827,01023634,000201000014141,JA
1240,000000000580,20/09/23 12:16:29,M10101M00001,200,1401,334328,01023634,000201000014141,JA
1240,000000025000,20/09/23 08:54:09,M10101M13001,200,1401,053492,01023657,000201000014204,JA
1240,000000013500,20/09/23 02:29:42,M90101C11001,200,1401,310620,01024094,000201000014267,IA
1240,000000065000,20/09/23 10:56:17,M90101C11001,200,1401,142040,01023988,000201000014279,IA
1240,000000003800,20/09/23 01:08:32,M90101C11001,200,1401,035956,01025886,000201000014334,IA
1240,000000004500,20/09/23 11:43:20,M10101M00001,200,1401,358465,01024085,000201000014337,JA
1240,000000030000,20/09/23 02:05:04,M10101M00001,200,1401,R02089,01024125,000201000014354,JA
1240,000000009300,20/09/23 01:40:30,M90101C11001,200,1401,281419,01024253,000201000014378,IA
1240,000000002000,20/09/23 08:29:32,M10101M00001,200,1401,437355,01025710,000201000014387,JA
1240,000000000400,20/09/23 08:30:54,M90101C11001,200,1401,870046,01024341,000201000014388,IA
1240,000000000800,20/09/23 08:56:12,M10101M00001,200,1401,732333,01024341,000201000014388,JA
1240,000000000400,20/09/23 08:58:00,M10101M00001,200,1401,166628,01024341,000201000014388,JA
1240,000000001000,20/09/23 08:59:57,M90101C11001,200,1401,161961,01024341,000201000014388,IA
1240,000000000600,20/09/23 09:00:23,M90101C11001,200,1401,490937,01024341,000201000014388,IA
1240,000000000900,20/09/23 08:33:55,M10101M00001,200,1401,753114,01024341,000201000014388,JA
1240,000000006500,20/09/23 12:11:22,M10101M00001,200,1401,455180,01024314,000201000014402,JA
1240,000000019767,20/09/23 12:13:06,M10101M00001,200,1401,629475,01024314,000201000014402,JA
1240,000000008500,20/09/23 01:02:54,M10101M00001,200,1401,075772,01025090,000201000014402,JA
1240,000000020000,20/09/23 09:21:10,M90101C11001,200,1401,068209,01025344,000201000014425,IA
1240,000000000750,20/09/23 08:12:10,M10101M00001,200,1401,338985,01025854,000201000014450,JA
1240,000000030000,20/09/23 09:56:23,M10101C13001,200,1401,R38882,01024369,000201000014462,IA
1240,000000005600,20/09/23 11:03:39,M90101C11001,200,1401,048791,01024479,000201000014514,IA
1240,000000003000,20/09/23 11:42:14,M10101C13001,200,1401,R84395,01024479,000201000014514,IA
1240,000000001000,20/09/23 01:08:59,M10101M00001,200,1401,200707,01024479,000201000014514,JA
1240,000000012000,20/09/23 01:31:11,M10101M00001,200,1401,032671,01024518,000201000014530,JA
1240,000000012000,20/09/23 02:32:51,M10101M00001,200,1401,325364,01024518,000201000014530,JA
1240,000000000574,20/09/23 06:04:42,M10101C13001,200,1401,029567,01024836,000201000014573,IA
1240,000000002088,20/09/23 06:45:20,M10101C13001,200,1401,074460,01024836,000201000014573,IA
1240,000000014000,20/09/23 08:33:30,M90101C11001,200,1401,333178,01024659,000201000014585,IA
1240,000000001552,20/09/23 09:19:23,M10101M00001,200,1401,520906,01024711,000201000014608,JA
1240,000000001650,20/09/23 12:32:17,M10101M00001,200,1401,005142,01025554,000201000014658,JA
1240,000000009000,20/09/23 08:21:46,M10101M00001,200,1401,882119,01024973,000201000014697,JA
1240,000000012500,20/09/23 09:54:32,M10101M00001,200,1401,918423,01024973,000201000014697,JA
1240,000000009500,20/09/23 02:32:17,M10101M00001,200,1401,078225,01024973,000201000014697,JA
1240,000000017000,20/09/23 01:47:40,M10101M00001,200,1401,060346,01025156,000201000014776,JA
1240,000000015000,20/09/23 02:26:37,M10101M00001,200,1401,098059,01025167,000201000014799,JA
1240,000000004000,20/09/23 01:58:25,M10101M00001,200,1401,837272,01025270,000201000014846,JA
1240,000000002848,20/09/23 10:14:38,M90101C11001,200,1401,074736,01025293,000201000014847,IA
1240,000000002847,20/09/23 01:58:38,M90101C11001,200,1401,061544,01025295,000201000014847,IA
1240,000000002598,20/09/23 10:13:05,M90101C11001,200,1401,941515,01025306,000201000014863,IA
1240,000000043785,20/09/23 12:33:47,M90101C11001,200,1401,634894,01025529,000201000014878,IA
1240,000000005699,20/09/23 08:39:17,M10101M00001,200,1401,074857,01025531,000201000014878,JA
1240,000000002300,20/09/23 11:30:21,M10101M00001,200,1401,081326,01025544,000201000014878,JA
1240,000000001600,20/09/23 11:31:52,M90101C11001,200,1401,079669,01025544,000201000014878,IA
1240,000000003500,20/09/23 11:08:49,M90101C11001,200,1401,444365,01025534,000201000014878,IA
1240,000000003499,20/09/23 11:09:34,M10101M00001,200,1401,078450,01025531,000201000014878,JA
1240,000000000500,20/09/23 11:54:29,M10101M00001,200,1401,412607,01025544,000201000014878,JA
1240,000000001169,20/09/23 11:56:13,M10101M00001,200,1401,R05271,01025544,000201000014878,JA
1240,000000010500,20/09/23 11:42:38,M10101M00001,200,1401,423961,01025546,000201000014878,JA
1240,000000002600,20/09/23 11:43:08,M90101C11001,200,1401,031503,01025544,000201000014878,IA
1240,000000002579,20/09/23 11:44:06,M90101C11001,200,1401,640790,01025544,000201000014878,IA
1240,000000001600,20/09/23 12:17:09,M10101M00001,200,1401,038772,01025544,000201000014878,JA
1240,000000001600,20/09/23 12:21:17,M10101C13001,200,1401,185077,01025531,000201000014878,IA
1240,000000002300,20/09/23 12:36:31,M10101M00001,200,1401,688421,01025544,000201000014878,JA
1240,000000001626,20/09/23 12:26:06,M90101C11001,200,1401,660832,01025544,000201000014878,IA
1240,000000008729,20/09/23 12:27:26,M90101C11001,200,1401,093787,01025534,000201000014878,IA
1240,000000004800,20/09/23 12:29:18,M10101M00001,200,1401,010952,01025544,000201000014878,JA
1240,000000003300,20/09/23 12:14:40,M90101C11001,200,1401,024962,01025544,000201000014878,IA
1240,000000001600,20/09/23 12:15:08,M10101M00001,200,1401,059651,01025544,000201000014878,JA
1240,000000002800,20/09/23 01:11:41,M10101M00001,200,1401,R06108,01025544,000201000014878,JA
1240,000000006569,20/09/23 12:55:26,M10101M00001,200,1401,064894,01025544,000201000014878,JA
1240,000000002240,20/09/23 12:57:24,M10101M00001,200,1401,572639,01025544,000201000014878,JA
1240,000000016500,20/09/23 12:45:12,M10101C13001,200,1401,001966,01025573,000201000014878,IA
1240,000000007800,20/09/23 12:50:32,M10101M00001,200,1401,732124,01025544,000201000014878,JA
1240,000000002600,20/09/23 01:19:30,M90101C11001,200,1401,193278,01025544,000201000014878,IA
1240,000000004000,20/09/23 01:21:23,M10101M00001,200,1401,001277,01025546,000201000014878,JA
1240,000000001580,20/09/23 01:08:18,M10101M00001,200,1401,7D3FC2,01025544,000201000014878,JA
1240,000000002800,20/09/23 01:45:40,M90101C11001,200,1401,454157,01025544,000201000014878,IA
1240,000000038219,20/09/23 01:48:26,M90101C11001,200,1401,028101,01025534,000201000014878,IA
1240,000000005650,20/09/23 01:35:43,M90101C11001,200,1401,354571,01025544,000201000014878,IA
1240,000000003200,20/09/23 02:11:13,M90101C11001,200,1401,823075,01025544,000201000014878,IA
1240,000000005199,20/09/23 01:57:18,M10101M00001,200,1401,082424,01025531,000201000014878,JA
1240,000000003995,20/09/23 02:52:53,M10101M00001,200,1401,027353,01025531,000201000014878,JA
1240,000000010000,20/09/23 11:51:36,M10101M00001,200,1401,255033,01025455,000201000014904,JA
1240,000000001000,20/09/23 06:47:48,M10101M00001,200,1401,432349,01025621,000201000014969,JA
1240,000000000559,20/09/23 10:00:31,M10101C13001,200,1401,354911,01025742,000201000015009,IA
1240,000000045000,20/09/23 02:07:32,M10101C13001,200,1401,R05481,01025781,000201000015025,IA
1240,000000001100,20/09/23 01:42:57,M90101C11001,200,1401,219949,01025811,000201000015049,IA
1240,000000012000,20/09/23 12:02:35,M90101C11001,200,1401,482530,01025833,000201000015057,IA
1240,000000006000,20/09/23 12:23:36,M90101C11001,200,1401,R39143,01025833,000201000015057,IA
1240,000000006000,20/09/23 12:16:05,M10101M00001,200,1401,160769,01025833,000201000015057,JA
1240,000000003000,20/09/23 01:11:59,M90101C11001,200,1401,333441,01025833,000201000015057,IA
1240,000000003000,20/09/23 01:40:53,M90101C11001,200,1401,991071,01025833,000201000015057,IA
1240,000000003000,20/09/23 01:55:15,M90101C11001,200,1401,993872,01025833,000201000015057,IA
1240,000000003000,20/09/23 02:24:05,M90101C11001,200,1401,575371,01025833,000201000015057,IA
1240,000000012350,20/09/23 10:07:58,M10101C13001,200,1402,640234,BW04FE55,000201000002730,IV
1240,000000133334,20/09/23 01:33:37,M90101C11001,200,1402,525211,01009200,000201000006181,IV
1240,000000129206,20/09/23 01:54:49,M10101C13001,200,1402,777588,01016723,000201000006944,IV
1240,000000012834,20/09/23 08:54:32,M90101C11001,200,1402,229990,01010750,000201000007049,IV
1240,000000017500,20/09/23 02:29:01,M10101C13001,200,1402,116043,01022714,000201000007100,IV
1240,000000015000,20/09/23 08:54:54,M10101C13001,200,1402,593437,01022714,000201000007100,IV
1240,000000006125,20/09/23 11:47:08,M10101C13001,200,1402,388017,BW1B898A,000201000007258,IV
1240,000000035668,20/09/23 02:36:18,M10101M13001,200,1402,840323,01016226,000201000007279,JV
1240,000000010400,20/09/23 10:59:23,M10101C13001,200,1402,029619,BW0E427B,000201000007297,IV
1240,000000008625,20/09/23 02:37:07,M90101C11001,200,1402,370886,BW0E4261,000201000007362,IV
1240,000000006250,20/09/23 02:40:28,M90101C11001,200,1402,268684,01021440,000201000008122,IW
1240,000000048337,20/09/23 01:22:06,M10101C13001,200,1402,019146,01024791,000201000008122,IW
1240,000000079500,20/09/23 11:08:58,M10101C13001,200,1402,616902,01023030,000201000008122,IV
1240,000000071670,20/09/23 11:09:57,M10101C13001,200,1402,R07445,01023030,000201000008122,IV
1240,000000007498,20/09/23 12:00:52,M10101M00001,200,1402,949215,01022273,000201000008122,JV
1240,000000042715,20/09/23 11:20:38,M10101M13001,200,1402,765937,01024921,000201000008122,JV
1240,000000023441,20/09/23 12:20:09,M90101C11001,200,1402,052560,01021440,000201000008122,IW
1240,000000010100,20/09/23 12:04:54,M90101C11001,200,1402,484217,01022901,000201000008122,IV
1240,000000044334,20/09/23 07:26:33,M10101C13001,200,1402,752291,01022872,000201000008122,IV
1240,000000003640,20/09/23 09:37:03,M10101M00001,200,1402,382207,01022542,000201000008122,JV
1240,000000009970,20/09/23 09:12:12,M10101M00001,200,1402,452785,01023033,000201000008122,JW
1240,000000013960,20/09/23 09:14:40,M90101C11001,200,1402,144276,01021440,000201000008122,IV
1240,000000008370,20/09/23 01:56:58,M90101C11001,200,1402,006612,01009384,000201000008341,IV
1240,000000032858,20/09/23 12:01:21,M90101C11001,200,1402,071000,01009610,000201000008433,IW
1240,000000010570,20/09/23 12:39:16,M10101M13001,200,1402,667088,01009907,000201000008556,JV
1240,000000010570,20/09/23 12:44:46,M90101C11001,200,1402,348490,01009907,000201000008556,IV
1240,000000007938,20/09/23 10:47:56,M10101C13001,200,1402,R08432,01009929,000201000008564,IW
1240,000000008900,20/09/23 06:32:34,M90101C11001,200,1402,379138,01016808,000201000008572,IW
1240,000000009900,20/09/23 09:32:59,M10101M13001,200,1402,124330,01016809,000201000008572,JV
1240,000000039600,20/09/23 10:16:16,M10101C13001,200,1402,056163,01015493,000201000008573,IW
1240,000000009900,20/09/23 08:12:09,M10101M13001,200,1402,000331,01010015,000201000008575,JV
1240,000000009900,20/09/23 08:12:58,M10101M00001,200,1402,039309,01010015,000201000008575,JV
1240,000000009900,20/09/23 09:13:35,M10101M13001,200,1402,633835,01025862,000201000008577,JV
1240,000000010900,20/09/23 12:29:30,M90101C11001,200,1402,215922,01018570,000201000008578,IW
1240,000000010900,20/09/23 02:36:20,M10101M13001,200,1402,339729,01010087,000201000008603,JW
1240,000000013840,20/09/23 01:19:12,M10101C13001,200,1402,R97152,01010168,000201000008642,IV
1240,000000011668,20/09/23 10:44:12,M10101C13001,200,1402,081317,01010168,000201000008642,IV
1240,000000012500,20/09/23 10:18:22,M10101M13001,200,1402,694266,01011070,000201000008748,JV
1240,000000003320,20/09/23 02:39:05,M10101M13001,200,1402,583751,01010355,000201000008756,JW
1240,000000029247,20/09/23 12:53:48,M10101C13001,200,1402,054700,01010356,000201000008757,IV
1240,000000025000,20/09/23 10:09:02,M10101C13001,200,1402,064147,01010533,000201000008851,IV
1240,000000005000,20/09/23 11:28:11,M10101M00001,200,1402,537217,01010541,000201000008874,JV
1240,000000003180,20/09/23 10:20:23,M10101C13001,200,1402,660535,01010474,000201000008935,IV
1240,000000005500,20/09/23 09:54:39,M90101C11001,200,1402,091317,01012074,000201000009450,IV
1240,000000013334,20/09/23 02:18:40,M10101M00001,200,1402,149208,01011663,000201000009483,JV
1240,000000055000,20/09/23 01:42:34,M10101C13001,200,1402,184316,01012474,000201000009746,IV
1240,000000021500,20/09/23 02:32:43,M10101M13001,200,1402,082531,01012245,000201000009919,JV
1240,000000012450,20/09/23 02:33:17,M10101M13001,200,1402,331862,01017273,000201000010025,JV
1240,000000007250,20/09/23 10:38:16,M10101M00001,200,1402,027965,01017273,000201000010025,JV
1240,000000013828,20/09/23 12:12:50,M90101C11001,200,1402,077508,01013224,000201000010175,IV
1240,000000013714,20/09/23 12:21:23,M90101C11001,200,1402,062409,01013224,000201000010175,IV
1240,000000016280,20/09/23 11:36:07,M10101C13001,200,1402,041624,01017829,000201000010302,IV
1240,000000013950,20/09/23 08:05:49,M10101C13001,200,1402,655307,01020948,000201000010302,IV
1240,000000023230,20/09/23 08:50:22,M10101M00001,200,1402,991889,01017323,000201000010302,JW
1240,000000011634,20/09/23 09:58:36,M10101C13001,200,1402,328739,01020948,000201000010302,IV
1240,000000011668,20/09/23 02:19:59,M10101M13001,200,1402,803643,01013823,000201000010383,JV
1240,000000018500,20/09/23 11:38:01,M10101C13001,200,1402,021554,01013841,000201000010411,IV
1240,000000008000,20/09/23 12:03:08,M90101C11001,200,1402,900436,01023771,000201000010555,IV
1240,000000006334,20/09/23 09:44:31,M10101M00001,200,1402,074944,01023771,000201000010555,JV
1240,000000011125,20/09/23 08:53:37,M10101C13001,200,1402,069348,01020537,000201000010736,IW
1240,000000032500,20/09/23 02:43:58,M10101M13001,200,1402,005203,01023583,000201000010987,JV
1240,000000006990,20/09/23 11:28:37,M10101M13001,200,1402,535152,01023509,000201000010987,JW
1240,000000005000,20/09/23 11:58:55,M10101M00001,200,1402,089548,01023560,000201000010987,JV
1240,000000002666,20/09/23 02:04:43,M90101C11001,200,1402,071460,01015620,000201000011189,IV
1240,000000094000,20/09/23 10:46:45,M10101M13001,200,1402,429605,01015782,000201000011266,JV
1240,000000013350,20/09/23 11:54:58,M90101C11001,200,1402,491633,01015868,000201000011306,IV
1240,000000012000,20/09/23 12:05:04,M90101C11001,200,1402,050651,01016195,000201000011495,IV
1240,000000022668,20/09/23 10:20:28,M90101C11001,200,1402,042995,01016195,000201000011495,IV
1240,000000005000,20/09/23 08:39:13,M90101C11001,200,1402,056598,01025539,000201000011502,IV
1240,000000006600,20/09/23 07:52:12,M10101C13001,200,1402,073688,01016296,000201000011509,IW
1240,000000006600,20/09/23 09:14:24,M10101M13001,200,1402,075672,01016296,000201000011509,JW
1240,000000042500,20/09/23 10:42:22,M10101C13001,200,1402,515381,01016320,000201000011512,IV
1240,000000009500,20/09/23 01:36:26,M10101M00001,200,1402,534927,01016787,000201000011684,JV
1240,000000006334,20/09/23 02:14:44,M10101M00001,200,1402,092143,01016812,000201000011700,JV
1240,000000029900,20/09/23 11:16:20,M10101C13001,200,1402,741054,01018439,000201000011701,IV
1240,000000021000,20/09/23 11:08:16,M90101C11001,200,1402,081872,01017113,000201000011794,IW
1240,000000035000,20/09/23 08:26:46,M90101C11001,200,1402,185712,01017166,000201000011799,IV
1240,000000016000,20/09/23 08:19:21,M90101C11001,200,1402,993793,01017166,000201000011799,IV
1240,000000019900,20/09/23 12:12:13,M10101C13001,200,1402,318618,01017408,000201000011853,IW
1240,000000034125,20/09/23 08:21:57,M90101C11001,200,1402,744446,01024332,000201000011922,IV
1240,000000042500,20/09/23 01:17:55,M10101M13001,200,1402,175770,01017607,000201000011934,JV
1240,000000023425,20/09/23 11:33:47,M10101C13001,200,1402,R60963,01017744,000201000011992,IV
1240,000000036583,20/09/23 10:40:34,M10101M13001,200,1402,860203,01018052,000201000012131,JV
1240,000000036000,20/09/23 12:07:46,M90101C11001,200,1402,731597,01024284,000201000012211,IV
1240,000000007872,20/09/23 10:19:54,M10101C13001,200,1402,562827,01018731,000201000012213,IW
1240,000000035000,20/09/23 01:26:42,M90101C11001,200,1402,043078,01020162,000201000012217,IV
1240,000000022000,20/09/23 09:22:36,M10101M13001,200,1402,496216,01018437,000201000012221,JW
1240,000000036200,20/09/23 09:24:01,M90101C11001,200,1402,218435,01024561,000201000012224,IW
1240,000000023000,20/09/23 02:33:24,M90101C11001,200,1402,086093,01018447,000201000012314,IV
1240,000000008237,20/09/23 02:26:37,M90101C11001,200,1402,053868,01018447,000201000012314,IW
1240,000000019800,20/09/23 10:47:52,M10101C13001,200,1402,084907,01018447,000201000012314,IV
1240,000000010299,20/09/23 08:45:20,M90101C11001,200,1402,817141,01018447,000201000012314,IW
1240,000000023575,20/09/23 09:13:30,M90101C11001,200,1402,325371,01018447,000201000012314,IV
1240,000000002475,20/09/23 02:13:25,M10101M00001,200,1402,569033,01018726,000201000012397,JV
1240,000000003950,20/09/23 09:49:18,M90101C11001,200,1402,573616,01018726,000201000012397,IV
1240,000000020000,20/09/23 08:37:36,M10101M13001,200,1402,084542,01022286,000201000012435,JV
1240,000000023574,20/09/23 08:47:11,M90101C11001,200,1402,129616,01022286,000201000012435,IW
1240,000000031727,20/09/23 11:55:03,M90101C11001,200,1402,068627,01020180,000201000012457,IV
1240,000000016600,20/09/23 11:15:00,M90101C11001,200,1402,692791,01018952,000201000012508,IV
1240,000000035000,20/09/23 10:26:00,M90101C11001,200,1402,329106,01020465,000201000012509,IV
1240,000000024000,20/09/23 11:54:03,M10101M13001,200,1402,867962,01020465,000201000012509,JV
1240,000000006699,20/09/23 02:35:57,M90101C11001,200,1402,355865,01019042,000201000012559,IV
1240,000000006699,20/09/23 09:49:55,M10101M13001,200,1402,390959,01019042,000201000012559,JV
1240,000000060000,20/09/23 02:58:04,M90101C11001,200,1402,099350,01025194,000201000012594,IV
1240,000000010840,20/09/23 01:33:15,M10101M13001,200,1402,459525,01019534,000201000012640,JV
1240,000000008325,20/09/23 01:19:18,M90101C11001,200,1402,010995,01019500,000201000012643,IW
1240,000000012650,20/09/23 01:21:34,M90101C11001,200,1402,077337,01019500,000201000012643,IV
1240,000000007285,20/09/23 01:26:36,M10101C13001,200,1402,867619,01019500,000201000012643,IV
1240,000000020174,20/09/23 10:46:47,M10101C13001,200,1402,R07000,01019500,000201000012643,IW
1240,000000001924,20/09/23 11:21:44,M10101M13001,200,1402,R03586,01019500,000201000012643,JW
1240,000000008337,20/09/23 10:09:12,M10101M00001,200,1402,R09172,01019500,000201000012643,JW
1240,000000015000,20/09/23 11:39:43,M90101C11001,200,1402,032810,01019596,000201000012644,IV
1240,000000010000,20/09/23 01:18:39,M90101C11001,200,1402,099211,01019712,000201000012678,IV
1240,000000028675,20/09/23 11:09:52,M90101C11001,200,1402,030306,01019731,000201000012707,IV
1240,000000010000,20/09/23 02:14:43,M10101M13001,200,1402,762408,01019906,000201000012708,JV
1240,000000015940,20/09/23 12:22:48,M90101C11001,200,1402,695459,01019745,000201000012723,IV
1240,000000400000,20/09/23 02:31:45,M90101C11001,200,1402,314760,01019757,000201000012733,IW
1240,000000293190,20/09/23 02:32:28,M90101C11001,200,1402,323060,01019757,000201000012733,IW
1240,000000108334,20/09/23 10:51:00,M90101C11001,200,1402,432410,01023077,000201000012739,IV
1240,000000019837,20/09/23 11:46:32,M90101C11001,200,1402,170103,01025432,000201000012799,IW
1240,000000005199,20/09/23 02:48:25,M10101C13001,200,1402,A01243,01020020,000201000012800,IW
1240,000000045000,20/09/23 12:29:13,M90101C11001,200,1402,555183,01020020,000201000012800,IV
1240,000000032313,20/09/23 12:30:18,M90101C11001,200,1402,015141,01020020,000201000012800,IV
1240,000000018732,20/09/23 02:07:40,M90101C11001,200,1402,097436,01020015,000201000012800,IW
1240,000000033334,20/09/23 11:56:26,M10101C13001,200,1402,034138,01020015,000201000012800,IV
1240,000000010490,20/09/23 09:57:55,M10101C13001,200,1402,593978,01020015,000201000012800,IW
1240,000000011674,20/09/23 10:07:50,M90101C11001,200,1402,075379,01020020,000201000012800,IW
1240,000000005835,20/09/23 09:03:37,M90101C11001,200,1402,092759,01020065,000201000012814,IV
1240,000000009800,20/09/23 08:49:01,M10101C13001,200,1402,143692,01020065,000201000012814,IV
1240,000000008000,20/09/23 02:36:30,M90101C11001,200,1402,661742,01020158,000201000012834,IV
1240,000000007895,20/09/23 01:02:26,M90101C11001,200,1402,200492,01020646,000201000012964,IV
1240,000000005353,20/09/23 01:24:21,M10101M00001,200,1402,242259,01020646,000201000012964,JV
1240,000000009500,20/09/23 01:07:44,M90101C11001,200,1402,939972,01020646,000201000012964,IV
1240,000000003250,20/09/23 01:45:32,M10101M00001,200,1402,R02714,01020646,000201000012964,JV
1240,000000009000,20/09/23 12:27:38,M10101M00001,200,1402,956099,01021329,000201000012967,JV
1240,000000003300,20/09/23 01:46:05,M10101M00001,200,1402,095018,01020652,000201000012967,JV
1240,000000019800,20/09/23 10:23:37,M10101C13001,200,1402,052708,01020739,000201000012988,IV
1240,000000013875,20/09/23 10:15:44,M90101C11001,200,1402,092282,01025713,000201000013008,IV
1240,000000014668,20/09/23 12:56:31,M10101M00001,200,1402,246276,01021334,000201000013113,JV
1240,000000019012,20/09/23 01:13:39,M90101C11001,200,1402,8L33RI,01025580,000201000013126,IW
1240,000000014050,20/09/23 08:59:02,M10101M13001,200,1402,346654,01025580,000201000013126,JV
1240,000000049360,20/09/23 12:52:58,M90101C11001,200,1402,525951,01021540,000201000013168,IV
1240,000000009928,20/09/23 10:48:13,M10101C13001,200,1402,384946,01021640,000201000013203,IV
1240,000000007285,20/09/23 10:49:35,M10101M00001,200,1402,248403,01021640,000201000013203,JV
1240,000000020000,20/09/23 02:42:34,M90101C11001,200,1402,730412,01022237,000201000013216,IV
1240,000000005000,20/09/23 12:27:34,M90101C11001,200,1402,094521,01022575,000201000013767,IV
1240,000000018000,20/09/23 11:12:16,M10101M13001,200,1402,036268,01024331,000201000013799,JV
1240,000000010000,20/09/23 11:30:31,M10101C13001,200,1402,018059,01022703,000201000013832,IV
1240,000000019250,20/09/23 10:11:02,M10101M13001,200,1402,110575,01022790,000201000013864,JV
1240,000000100000,20/09/23 11:47:32,M90101C11001,200,1402,473557,01022925,000201000013879,IV
1240,000000003400,20/09/23 10:15:50,M90101C11001,200,1402,085126,01022834,000201000013883,IV
1240,000000094000,20/09/23 08:44:08,M90101C11001,200,1402,631117,01023229,000201000014011,IV
1240,000000017500,20/09/23 11:47:45,M10101C13001,200,1402,R85128,01023636,000201000014142,IV
1240,000000036225,20/09/23 01:56:10,M90101C11001,200,1402,561253,01023653,000201000014208,IW
1240,000000008000,20/09/23 09:36:26,M90101C11001,200,1402,362851,01023653,000201000014208,IV
1240,000000033337,20/09/23 01:26:34,M10101C13001,200,1402,753193,01023753,000201000014210,IW
1240,000000025000,20/09/23 11:12:18,M90101C11001,200,1402,681249,01023757,000201000014210,IV
1240,000000013293,20/09/23 12:42:29,M90101C11001,200,1402,094224,01023961,000201000014240,IV
1240,000000006670,20/09/23 11:53:29,M10101M13001,200,1402,966643,01023961,000201000014240,JV
1240,000000002835,20/09/23 11:54:42,M10101M00001,200,1402,5YLPSB,01023961,000201000014240,JV
1240,000000030190,20/09/23 02:57:06,M90101C11001,200,1402,724859,01023966,000201000014252,IW
1240,000000058337,20/09/23 10:52:37,M90101C11001,200,1402,043918,01023966,000201000014252,IW
1240,000000097485,20/09/23 08:21:06,M90101C11001,200,1402,210872,01023966,000201000014252,IV
1240,000000047485,20/09/23 08:24:06,M90101C11001,200,1402,351874,01023966,000201000014252,IV
1240,000000019598,20/09/23 09:12:52,M90101C11001,200,1402,171367,01023966,000201000014252,IW
1240,000000008000,20/09/23 10:04:17,M90101C11001,200,1402,376912,01024094,000201000014267,IV
1240,000000004500,20/09/23 10:06:34,M90101C11001,200,1402,636760,01024094,000201000014267,IV
1240,000000026234,20/09/23 02:23:35,M90101C11001,200,1402,475516,01023990,000201000014279,IV
1240,000000016000,20/09/23 11:50:04,M10101C13001,200,1402,312084,01023988,000201000014279,IV
1240,000000009600,20/09/23 12:24:45,M10101C13001,200,1402,752497,01023993,000201000014279,IW
1240,000000005770,20/09/23 01:14:52,M90101C11001,200,1402,145481,01023987,000201000014279,IW
1240,000000011419,20/09/23 10:51:02,M90101C11001,200,1402,088203,01023988,000201000014279,IW
1240,000000025390,20/09/23 10:40:09,M90101C11001,200,1402,032413,01023993,000201000014279,IW
1240,000000008425,20/09/23 11:57:36,M10101C13001,200,1402,917410,01023990,000201000014279,IV
1240,000000034257,20/09/23 12:00:22,M90101C11001,200,1402,043142,01023988,000201000014279,IW
1240,000000010350,20/09/23 12:20:22,M90101C11001,200,1402,632886,01023990,000201000014279,IW
1240,000000001000,20/09/23 12:21:11,M10101C13001,200,1402,009968,01023990,000201000014279,IW
1240,000000002987,20/09/23 08:31:05,M90101C11001,200,1402,679633,01023988,000201000014279,IW
1240,000000011529,20/09/23 08:39:18,M90101C11001,200,1402,114399,01023988,000201000014279,IV
1240,000000006800,20/09/23 08:48:31,M10101C13001,200,1402,070599,01023990,000201000014279,IV
1240,000000011419,20/09/23 09:13:01,M10101C13001,200,1402,298513,01023988,000201000014279,IW
1240,000000018850,20/09/23 09:20:59,M90101C11001,200,1402,996072,01023988,000201000014279,IV
1240,000000023168,20/09/23 09:55:17,M90101C11001,200,1402,066923,01023988,000201000014279,IV
1240,000000038475,20/09/23 01:53:58,M90101C11001,200,1402,WRY2DO,01024112,000201000014299,IW
1240,000000030000,20/09/23 10:50:02,M90101C11001,200,1402,557442,01024070,000201000014317,IV
1240,000000045625,20/09/23 12:52:57,M90101C11001,200,1402,525967,01024305,000201000014361,IW
1240,000000067000,20/09/23 09:39:52,M90101C11001,200,1402,053135,01024147,000201000014368,IV
1240,000000008975,20/09/23 11:46:39,M10101M00001,200,1402,257477,01025178,000201000014387,JV
1240,000000015000,20/09/23 07:16:13,M10101C13001,200,1402,427936,01025710,000201000014387,IV
1240,000000025000,20/09/23 10:57:57,M90101C11001,200,1402,617107,01024299,000201000014421,IV
1240,000000010000,20/09/23 12:55:27,M10101C13001,200,1402,R07780,01024980,000201000014451,IV
1240,000000023750,20/09/23 09:17:44,M90101C11001,200,1402,055365,01024385,000201000014472,IV
1240,000000000250,20/09/23 12:28:34,M90101C11001,200,1402,283666,01024615,000201000014556,IV
1240,000000020000,20/09/23 01:58:26,M10101C13001,200,1402,582869,01024685,000201000014600,IV
1240,000000020000,20/09/23 11:23:54,M10101C13001,200,1402,R06684,01024725,000201000014615,IW
1240,000000021000,20/09/23 09:11:51,M90101C11001,200,1402,002839,01024778,000201000014641,IV
1240,000000023334,20/09/23 10:46:50,M90101C11001,200,1402,465154,01024839,000201000014654,IV
1240,000000053334,20/09/23 12:29:47,M90101C11001,200,1402,294973,01024912,000201000014677,IV
1240,000000027000,20/09/23 10:02:08,M90101C11001,200,1402,037146,01025145,000201000014780,IV
1240,000000037268,20/09/23 10:11:36,M10101M00001,200,1402,407058,01025146,000201000014781,JV
1240,000000048150,20/09/23 01:37:37,M10101M13001,200,1402,226446,01025248,000201000014841,JV
1240,000000003699,20/09/23 01:31:17,M90101C11001,200,1402,284279,01025295,000201000014847,IV
1240,000000001900,20/09/23 01:33:32,M10101C13001,200,1402,222767,01025295,000201000014847,IV
1240,000000003499,20/09/23 10:23:35,M90101C11001,200,1402,348116,01025293,000201000014847,IV
1240,000000029000,20/09/23 08:28:21,M90101C11001,200,1402,045115,01025574,000201000014878,IV
1240,000000015000,20/09/23 12:16:37,M90101C11001,200,1402,723403,01025453,000201000014903,IV
1240,000000009900,20/09/23 10:44:34,M90101C11001,200,1402,032193,01025636,000201000014977,IW
1240,000000005998,20/09/23 01:11:54,M10101M00001,200,1402,385996,01025694,000201000014992,JV
1240,000000275000,20/09/23 09:13:35,M10101C13001,200,1402,481248,01025723,000201000015002,IV
1240,000000005500,20/09/23 01:25:41,M90101C11001,200,1402,509158,01025724,000201000015005,IV
1240,000000012500,20/09/23 11:31:14,M90101C11001,200,1402,040836,01025760,000201000015019,IV
1240,000000010000,20/09/23 09:35:09,M90101C11001,200,1402,067967,01025778,000201000015024,IW
